Date,Month,DayOfWeek,Day,Platform,Campaign_ID,Impressions,Clicks,Spend,Conversions,Revenue
2024-11-17,11,6,17,Meta,916,7350.0,1,1.429999948,1.0,0.0
2024-11-17,11,6,17,Meta,916,17861.0,2,1.820000023,0.0,0.0
2024-11-17,11,6,17,Meta,916,693.0,0,0.0,0.0,0.0
2024-11-30,11,5,30,Meta,916,4259.0,1,1.25,0.0,0.0
2024-11-17,11,6,17,Meta,916,4133.0,1,1.289999962,1.0,0.0
2024-11-17,11,6,17,Meta,916,1915.0,0,0.0,1.0,0.0
2024-11-17,11,6,17,Meta,916,15615.0,3,4.769999981,0.0,0.0
2024-11-17,11,6,17,Meta,916,10951.0,1,1.269999981,1.0,0.0
2024-11-17,11,6,17,Meta,916,2355.0,1,1.5,0.0,0.0
2024-11-30,11,5,30,Meta,916,9502.0,3,3.159999967,0.0,0.0
2024-11-30,11,5,30,Meta,916,1224.0,0,0.0,0.0,0.0
2024-11-29,11,4,29,Meta,916,735.0,0,0.0,0.0,0.0
2024-11-29,11,4,29,Meta,916,5117.0,0,0.0,0.0,0.0
2024-11-29,11,4,29,Meta,916,5120.0,0,0.0,0.0,0.0
2024-11-30,11,5,30,Meta,916,14669.0,7,10.28000021,1.0,0.0
2024-11-30,11,5,30,Meta,916,1241.0,0,0.0,1.0,0.0
2024-11-30,11,5,30,Meta,916,2305.0,1,0.569999993,0.0,0.0
2024-11-30,11,5,30,Meta,916,1024.0,0,0.0,1.0,0.0
2024-11-30,11,5,30,Meta,916,4627.0,1,1.690000057,0.0,0.0
2024-11-30,11,5,30,Meta,916,21026.0,4,4.630000114,1.0,0.0
2024-11-17,11,6,17,Meta,916,1422.0,0,0.0,1.0,0.0
2024-11-17,11,6,17,Meta,916,7132.0,2,2.609999895,0.0,0.0
2024-11-18,11,0,18,Meta,916,12190.0,2,3.049999952,0.0,0.0
2024-11-18,11,0,18,Meta,916,12193.0,2,3.059999943,1.0,0.0
2024-11-18,11,0,18,Meta,916,3332.0,0,0.0,1.0,0.0
2024-11-18,11,0,18,Meta,916,559.0,0,0.0,0.0,0.0
2024-11-18,11,0,18,Meta,916,7440.0,2,2.980000019,1.0,0.0
2024-11-19,11,1,19,Meta,916,19113.0,4,5.5200001,0.0,0.0
2024-11-19,11,1,19,Meta,916,10976.0,2,1.690000057,1.0,0.0
2024-11-18,11,0,18,Meta,916,2861.0,0,0.0,0.0,0.0
2024-11-18,11,0,18,Meta,916,1398.0,0,0.0,1.0,0.0
2024-11-18,11,0,18,Meta,916,23817.0,7,8.470000148,1.0,0.0
2024-11-17,11,6,17,Meta,916,47224.0,12,15.82000017,0.0,0.0
2024-11-17,11,6,17,Meta,916,2283.0,1,1.470000029,0.0,0.0
2024-11-17,11,6,17,Meta,916,2182.0,1,1.529999971,1.0,0.0
2024-11-17,11,6,17,Meta,916,2654.0,0,0.0,1.0,0.0
2024-11-17,11,6,17,Meta,916,57665.0,14,18.06999969,1.0,0.0
2024-11-18,11,0,18,Meta,916,3091.0,1,1.610000014,1.0,0.0
2024-11-18,11,0,18,Meta,916,5014.0,1,1.190000057,0.0,0.0
2024-11-18,11,0,18,Meta,916,38726.0,7,9.220000267,0.0,0.0
2024-11-17,11,6,17,Meta,916,1473.0,0,0.0,0.0,0.0
2024-11-29,11,4,29,Meta,916,1186.0,0,0.0,0.0,0.0
2024-11-29,11,4,29,Meta,916,5369.0,1,1.50999999,0.0,0.0
2024-11-27,11,2,27,Meta,916,22221.0,7,9.430000067,1.0,0.0
2024-11-26,11,1,26,Meta,916,1185.0,0,0.0,0.0,0.0
2024-11-26,11,1,26,Meta,916,13019.0,5,6.960000038,0.0,0.0
2024-11-27,11,2,27,Meta,916,2508.0,1,1.220000029,0.0,0.0
2024-11-27,11,2,27,Meta,916,5864.0,2,2.799999952,1.0,0.0
2024-11-27,11,2,27,Meta,916,2783.0,1,1.600000024,0.0,0.0
2024-11-27,11,2,27,Meta,916,3812.0,1,1.129999995,1.0,0.0
2024-11-27,11,2,27,Meta,916,11199.0,4,5.730000019,1.0,0.0
2024-11-26,11,1,26,Meta,916,292.0,0,0.0,0.0,0.0
2024-11-26,11,1,26,Meta,916,17572.0,7,9.379999995,0.0,0.0
2024-11-25,11,0,25,Meta,916,1448.0,0,0.0,1.0,0.0
2024-11-25,11,0,25,Meta,936,1772.0,0,0.0,1.0,0.0
2024-11-25,11,0,25,Meta,936,13329.0,4,5.629999995,1.0,0.0
2024-11-26,11,1,26,Meta,936,13659.0,3,3.840000033,0.0,0.0
2024-11-26,11,1,26,Meta,936,739.0,0,0.0,1.0,0.0
2024-11-26,11,1,26,Meta,936,605.0,0,0.0,0.0,0.0
2024-11-26,11,1,26,Meta,936,1030.0,0,0.0,0.0,0.0
2024-11-26,11,1,26,Meta,936,5374.0,1,1.039999962,0.0,0.0
2024-11-26,11,1,26,Meta,936,790.0,0,0.0,1.0,0.0
2024-11-27,11,2,27,Meta,936,962.0,0,0.0,0.0,0.0
2024-11-27,11,2,27,Meta,936,4423.0,1,1.460000038,1.0,0.0
2024-11-29,11,4,29,Meta,936,12382.0,2,2.839999914,1.0,0.0
2024-11-29,11,4,29,Meta,936,2938.0,1,1.350000024,1.0,0.0
2024-11-28,11,3,28,Meta,936,239.0,0,0.0,0.0,0.0
2024-11-29,11,4,29,Meta,936,591.0,0,0.0,0.0,0.0
2024-11-29,11,4,29,Meta,936,10332.0,4,5.75,0.0,0.0
2024-11-29,11,4,29,Meta,936,8259.0,3,3.980000019,0.0,0.0
2024-11-29,11,4,29,Meta,936,12158.0,3,4.449999928,0.0,0.0
2024-11-29,11,4,29,Meta,936,7709.0,2,1.320000052,0.0,0.0
2024-11-28,11,3,28,Meta,936,834.0,0,0.0,0.0,0.0
2024-11-28,11,3,28,Meta,936,1299.0,0,0.0,0.0,0.0
2024-11-28,11,3,28,Meta,936,371.0,0,0.0,0.0,0.0
2024-11-28,11,3,28,Meta,936,10466.0,3,4.090000033,0.0,0.0
2024-11-27,11,2,27,Meta,936,839.0,0,0.0,0.0,0.0
2024-11-28,11,3,28,Meta,936,5576.0,1,1.529999971,1.0,0.0
2024-11-28,11,3,28,Meta,936,4010.0,0,0.0,0.0,0.0
2024-11-28,11,3,28,Meta,936,39337.0,7,10.03000009,1.0,0.0
2024-11-28,11,3,28,Meta,936,1635.0,0,0.0,0.0,0.0
2024-11-28,11,3,28,Meta,936,1631.0,0,0.0,0.0,0.0
2024-11-28,11,3,28,Meta,936,13479.0,3,4.25,0.0,0.0
2024-11-19,11,1,19,Meta,936,57022.0,13,20.29000032,3.0,0.0
2024-11-19,11,1,19,Meta,936,5453.0,1,1.389999986,1.0,0.0
2024-11-20,11,2,20,Meta,936,11803.0,3,4.440000057,0.0,0.0
2024-11-20,11,2,20,Meta,936,4259.0,1,1.570000052,1.0,0.0
2024-11-20,11,2,20,Meta,936,1554.0,0,0.0,0.0,0.0
2024-11-20,11,2,20,Meta,936,5323.0,1,1.289999962,1.0,0.0
2024-11-20,11,2,20,Meta,936,5024.0,1,1.409999967,1.0,0.0
2024-11-20,11,2,20,Meta,936,104648.0,24,33.33000004,2.0,0.0
2024-11-20,11,2,20,Meta,936,8504.0,3,3.340000093,1.0,0.0
2024-11-20,11,2,20,Meta,936,20277.0,6,8.050000072,0.0,0.0
2024-11-19,11,1,19,Meta,936,12403.0,4,5.210000038,1.0,0.0
2024-11-19,11,1,19,Meta,936,498.0,0,0.0,1.0,0.0
2024-11-18,11,0,18,Meta,936,652.0,0,0.0,0.0,0.0
2024-11-18,11,0,18,Meta,936,1357.0,0,0.0,1.0,0.0
2024-11-18,11,0,18,Meta,936,1393.0,0,0.0,0.0,0.0
2024-11-19,11,1,19,Meta,936,648.0,0,0.0,0.0,0.0
2024-11-19,11,1,19,Meta,936,708.0,0,0.0,1.0,0.0
2024-11-19,11,1,19,Meta,936,6907.0,2,2.349999964,0.0,0.0
2024-11-19,11,1,19,Meta,936,39035.0,13,19.32999957,0.0,0.0
2024-11-19,11,1,19,Meta,936,926.0,0,0.0,0.0,0.0
2024-11-19,11,1,19,Meta,936,4412.0,1,1.450000048,0.0,0.0
2024-11-21,11,3,21,Meta,936,9965.0,3,4.050000072,0.0,0.0
2024-11-21,11,3,21,Meta,936,73634.0,23,32.97999978,0.0,0.0
2024-11-18,11,0,18,Meta,936,69708.0,20,31.28999949,0.0,0.0
2024-11-18,11,0,18,Meta,936,530.0,0,0.0,0.0,0.0
2024-11-18,11,0,18,Meta,936,14257.0,6,8.789999962,0.0,0.0
2024-11-18,11,0,18,Meta,936,20362.0,5,9.119999886,1.0,0.0
2024-11-18,11,0,18,Meta,936,12215.0,4,6.26000011,0.0,0.0
2024-11-18,11,0,18,Meta,936,85412.0,28,38.63999999,1.0,0.0
2024-11-18,11,0,18,Meta,936,2338.0,1,0.239999995,0.0,0.0
2024-11-18,11,0,18,Meta,936,2522.0,0,0.0,0.0,0.0
2024-11-18,11,0,18,Meta,936,3587.0,0,0.0,0.0,0.0
2024-11-18,11,0,18,Meta,936,1273.0,0,0.0,0.0,0.0
2024-11-21,11,3,21,Meta,936,3891.0,1,1.090000033,0.0,0.0
2024-11-21,11,3,21,Meta,936,1888.0,0,0.0,0.0,0.0
2024-11-21,11,3,21,Meta,936,1895.0,0,0.0,0.0,0.0
2024-11-21,11,3,21,Meta,936,715.0,0,0.0,0.0,0.0
2024-11-21,11,3,21,Meta,936,11199.0,2,2.680000067,0.0,0.0
2024-11-18,11,0,18,Meta,936,5676.0,2,3.00999999,0.0,0.0
2024-11-21,11,3,21,Meta,936,1415.0,0,0.0,0.0,0.0
2024-11-21,11,3,21,Meta,936,2148.0,1,1.580000043,1.0,0.0
2024-11-21,11,3,21,Meta,936,45401.0,10,14.06000042,0.0,0.0
2024-11-18,11,0,18,Meta,936,7478.0,2,2.900000095,1.0,0.0
2024-11-18,11,0,18,Meta,936,4919.0,1,1.590000033,0.0,0.0
2024-11-20,11,2,20,Meta,936,533.0,0,0.0,1.0,0.0
2024-11-20,11,2,20,Meta,936,1447.0,0,0.0,1.0,0.0
2024-11-20,11,2,20,Meta,936,17553.0,3,4.590000153,0.0,0.0
2024-11-20,11,2,20,Meta,936,3343.0,1,0.540000021,0.0,0.0
2024-11-20,11,2,20,Meta,936,523.0,0,0.0,0.0,0.0
2024-11-20,11,2,20,Meta,936,1873.0,0,0.0,0.0,0.0
2024-11-20,11,2,20,Meta,936,34740.0,7,13.41000009,1.0,0.0
2024-11-20,11,2,20,Meta,936,658.0,0,0.0,0.0,0.0
2024-11-20,11,2,20,Meta,936,1539.0,0,0.0,0.0,0.0
2024-11-20,11,2,20,Meta,936,3010.0,1,0.860000014,1.0,0.0
2024-11-19,11,1,19,Meta,936,27081.0,9,10.77000046,1.0,0.0
2024-11-19,11,1,19,Meta,936,20233.0,4,5.590000153,0.0,0.0
2024-11-19,11,1,19,Meta,936,147159.0,36,58.16000044,1.0,0.0
2024-11-19,11,1,19,Meta,936,21664.0,7,10.61999977,1.0,0.0
2024-11-19,11,1,19,Meta,936,9112.0,4,5.460000038,1.0,0.0
2024-11-20,11,2,20,Meta,936,542.0,0,0.0,0.0,0.0
2024-11-19,11,1,19,Meta,936,402.0,0,0.0,1.0,0.0
2024-11-19,11,1,19,Meta,936,1338.0,0,0.0,0.0,0.0
2024-11-19,11,1,19,Meta,936,46150.0,15,20.17999983,1.0,0.0
2024-11-20,11,2,20,Meta,936,493821.0,116,176.3799977,1.0,0.0
2024-11-20,11,2,20,Meta,936,92011.0,27,34.39000046,1.0,0.0
2024-11-21,11,3,21,Meta,936,12956.0,4,5.49000001,1.0,0.0
2024-11-21,11,3,21,Meta,936,529.0,0,0.0,0.0,0.0
2024-11-21,11,3,21,Meta,936,944.0,1,1.419999957,0.0,0.0
2024-11-18,11,0,18,Meta,936,111090.0,38,51.97000027,1.0,0.0
2024-11-18,11,0,18,Meta,936,7208.0,2,3.190000057,0.0,0.0
2024-11-18,11,0,18,Meta,936,1746.0,0,0.0,0.0,0.0
2024-11-18,11,0,18,Meta,936,2474.0,0,0.0,2.0,0.0
2024-11-18,11,0,18,Meta,936,12489.0,2,1.960000038,0.0,0.0
2024-11-18,11,0,18,Meta,936,8032.0,1,0.600000024,0.0,0.0
2024-11-21,11,3,21,Meta,936,472.0,0,0.0,1.0,0.0
2024-11-21,11,3,21,Meta,936,792.0,0,0.0,1.0,0.0
2024-11-21,11,3,21,Meta,936,4607.0,1,1.149999976,1.0,0.0
2024-11-21,11,3,21,Meta,936,13355.0,2,3.180000067,1.0,0.0
2024-11-20,11,2,20,Meta,936,2936.0,0,0.0,0.0,0.0
2024-11-21,11,3,21,Meta,936,2793.0,1,0.980000019,1.0,0.0
2024-11-21,11,3,21,Meta,936,1032.0,0,0.0,0.0,0.0
2024-11-21,11,3,21,Meta,936,1662.0,0,0.0,1.0,0.0
2024-11-21,11,3,21,Meta,936,4016.0,2,1.480000049,1.0,0.0
2024-11-21,11,3,21,Meta,936,14843.0,3,2.939999938,1.0,0.0
2024-11-21,11,3,21,Meta,936,9674.0,3,4.600000024,1.0,0.0
2024-11-25,11,0,25,Meta,936,12186.0,2,2.669999957,0.0,0.0
2024-11-25,11,0,25,Meta,936,673.0,0,0.0,0.0,0.0
2024-11-25,11,0,25,Meta,936,370.0,0,0.0,1.0,0.0
2024-11-24,11,6,24,Meta,936,450.0,0,0.0,1.0,0.0
2024-11-24,11,6,24,Meta,936,2077.0,0,0.0,1.0,0.0
2024-11-25,11,0,25,Meta,936,31393.0,8,10.96000051,1.0,0.0
2024-11-25,11,0,25,Meta,936,8410.0,2,2.359999895,1.0,0.0
2024-11-25,11,0,25,Meta,936,25884.0,5,7.350000143,0.0,0.0
2024-11-25,11,0,25,Meta,936,608.0,0,0.0,1.0,0.0
2024-11-25,11,0,25,Meta,936,28488.0,10,9.340000033,0.0,0.0
2024-11-24,11,6,24,Meta,936,10126.0,3,4.619999886,0.0,0.0
2024-11-24,11,6,24,Meta,936,22572.0,5,8.5,0.0,0.0
2024-11-24,11,6,24,Meta,936,1955.0,0,0.0,1.0,0.0
2024-11-24,11,6,24,Meta,936,493.0,0,0.0,0.0,0.0
2024-11-24,11,6,24,Meta,936,1491.0,0,0.0,1.0,0.0
2024-11-24,11,6,24,Meta,936,1495.0,0,0.0,1.0,0.0
2024-11-24,11,6,24,Meta,936,512.0,0,0.0,0.0,0.0
2024-11-24,11,6,24,Meta,936,4868.0,2,2.420000076,0.0,0.0
2024-11-24,11,6,24,Meta,936,6585.0,2,2.950000048,0.0,0.0
2024-11-24,11,6,24,Meta,936,10164.0,2,3.720000029,1.0,0.0
2024-11-24,11,6,24,Meta,936,11182.0,4,4.449999809,0.0,0.0
2024-11-25,11,0,25,Meta,936,1238.0,0,0.0,0.0,0.0
2024-11-25,11,0,25,Meta,936,34127.0,8,13.07000017,0.0,0.0
2024-11-26,11,1,26,Meta,936,29466.0,7,10.84999967,0.0,0.0
2024-11-26,11,1,26,Meta,936,38759.0,9,10.84999967,0.0,0.0
2024-11-26,11,1,26,Meta,936,41720.0,10,12.06000006,1.0,0.0
2024-11-26,11,1,26,Meta,936,18602.0,5,8.860000134,0.0,0.0
2024-11-26,11,1,26,Meta,936,83929.0,21,27.72999954,1.0,0.0
2024-11-27,11,2,27,Meta,936,25194.0,6,7.349999905,0.0,0.0
2024-11-27,11,2,27,Meta,936,78627.0,19,26.53000045,0.0,0.0
2024-11-26,11,1,26,Meta,936,102695.0,25,39.42999983,0.0,0.0
2024-11-26,11,1,26,Meta,936,82827.0,24,47.93000031,0.0,0.0
2024-11-26,11,1,26,Meta,936,9240.0,3,6.039999962,0.0,0.0
2024-11-25,11,0,25,Meta,936,7706.0,2,2.369999886,0.0,0.0
2024-11-25,11,0,25,Meta,936,7821.0,4,6.340000153,1.0,0.0
2024-11-25,11,0,25,Meta,936,1363.0,0,0.0,1.0,0.0
2024-11-25,11,0,25,Meta,936,3569.0,0,0.0,1.0,0.0
2024-11-25,11,0,25,Meta,936,119063.0,34,53.21999949,0.0,0.0
2024-11-26,11,1,26,Meta,936,99078.0,23,35.79999948,0.0,0.0
2024-11-26,11,1,26,Meta,936,452398.0,114,180.2200012,0.0,0.0
2024-11-26,11,1,26,Meta,936,191223.0,48,76.41000056,0.0,0.0
2024-11-26,11,1,26,Meta,936,22216.0,6,9.549999952,0.0,0.0
2024-11-23,11,5,23,Meta,936,48291.0,11,18.01999998,0.0,0.0
2024-11-23,11,5,23,Meta,936,27559.0,8,13.37,0.0,0.0
2024-11-21,11,3,21,Meta,936,10194.0,4,4.590000033,1.0,0.0
2024-11-21,11,3,21,Meta,936,1168.0,0,0.0,1.0,0.0
2024-11-21,11,3,21,Meta,936,40126.0,16,25.86000001,0.0,0.0
2024-11-21,11,3,21,Meta,936,3659.0,1,0.49000001,1.0,0.0
2024-11-22,11,4,22,Meta,936,3200.0,0,0.0,0.0,0.0
2024-11-22,11,4,22,Meta,936,7550.0,1,1.679999948,1.0,0.0
2024-11-22,11,4,22,Meta,936,45397.0,15,25.41999936,1.0,0.0
2024-11-22,11,4,22,Meta,936,23086.0,2,3.310000062,1.0,0.0
2024-11-21,11,3,21,Meta,936,16425.0,1,1.549999952,0.0,0.0
2024-11-21,11,3,21,Meta,936,43756.0,5,5.439999938,0.0,0.0
2024-11-21,11,3,21,Meta,936,9982.0,0,0.0,0.0,0.0
2024-11-21,11,3,21,Meta,936,175389.0,55,81.60999787,0.0,0.0
2024-11-21,11,3,21,Meta,936,7015.0,0,0.0,0.0,0.0
2024-11-21,11,3,21,Meta,936,12706.0,3,4.98999989,1.0,0.0
2024-11-21,11,3,21,Meta,936,70702.0,20,31.7099998,0.0,0.0
2024-11-21,11,3,21,Meta,936,63927.0,16,25.52000046,0.0,0.0
2024-11-21,11,3,21,Meta,936,15105.0,3,4.25999999,0.0,0.0
2024-11-21,11,3,21,Meta,936,8774.0,1,1.830000043,0.0,0.0
2024-11-21,11,3,21,Meta,936,14459.0,1,1.389999986,0.0,0.0
2024-11-22,11,4,22,Meta,936,21596.0,2,2.809999943,0.0,0.0
2024-11-22,11,4,22,Meta,936,66765.0,8,11.04999971,0.0,0.0
2024-11-23,11,5,23,Meta,936,1369.0,0,0.0,1.0,0.0
2024-11-23,11,5,23,Meta,936,26910.0,5,7.229999781,0.0,0.0
2024-11-23,11,5,23,Meta,936,506.0,0,0.0,0.0,0.0
2024-11-23,11,5,23,Meta,936,11988.0,3,4.269999862,0.0,0.0
2024-11-23,11,5,23,Meta,936,19353.0,6,9.4799999,1.0,0.0
2024-11-23,11,5,23,Meta,936,10960.0,2,2.890000105,0.0,0.0
2024-11-23,11,5,23,Meta,936,33491.0,6,10.56999969,1.0,0.0
2024-11-23,11,5,23,Meta,936,20083.0,2,3.200000048,1.0,0.0
2024-11-23,11,5,23,Meta,936,8817.0,0,0.0,1.0,0.0
2024-11-23,11,5,23,Meta,936,15466.0,1,0.970000029,0.0,0.0
2024-11-22,11,4,22,Meta,936,27072.0,3,4.370000005,0.0,0.0
2024-11-22,11,4,22,Meta,936,15753.0,1,0.569999993,1.0,0.0
2024-11-22,11,4,22,Meta,936,3523.0,1,1.809999943,1.0,0.0
2024-11-22,11,4,22,Meta,936,7745.0,0,0.0,0.0,0.0
2024-11-22,11,4,22,Meta,936,18709.0,2,3.319999933,0.0,0.0
2024-11-23,11,5,23,Meta,936,8022.0,0,0.0,1.0,0.0
2024-11-22,11,4,22,Meta,936,7966.0,1,1.179999948,1.0,0.0
2024-11-22,11,4,22,Meta,936,4132.0,0,0.0,1.0,0.0
2024-11-22,11,4,22,Meta,936,12785.0,3,4.730000019,1.0,0.0
2024-11-27,11,2,27,Meta,936,8213.0,1,1.379999995,1.0,0.0
2024-11-27,11,2,27,Meta,936,545.0,0,0.0,1.0,0.0
2024-11-22,11,4,22,Meta,936,2479.0,1,1.25999999,0.0,0.0
2024-11-22,11,4,22,Meta,936,3812.0,2,3.049999952,0.0,0.0
2024-11-22,11,4,22,Meta,936,1609.0,0,0.0,0.0,0.0
2024-11-22,11,4,22,Meta,936,10257.0,3,3.579999924,1.0,0.0
2024-11-22,11,4,22,Meta,936,12356.0,4,6.279999971,0.0,0.0
2024-11-23,11,5,23,Meta,936,7410.0,1,1.210000038,0.0,0.0
2024-11-23,11,5,23,Meta,936,140098.0,28,46.63000011,0.0,0.0
2024-11-22,11,4,22,Meta,936,107021.0,20,34.44000012,0.0,0.0
2024-11-22,11,4,22,Meta,936,2797.0,1,1.289999962,0.0,0.0
2024-11-22,11,4,22,Meta,936,16461.0,6,9.21999979,0.0,0.0
2024-11-30,11,5,30,Meta,936,17488.0,5,7.719999909,0.0,0.0
2024-11-30,11,5,30,Meta,936,9750.0,2,1.5,1.0,0.0
2024-11-30,11,5,30,Meta,936,1136.0,0,0.0,1.0,0.0
2024-11-30,11,5,30,Meta,936,4333.0,1,0.180000007,1.0,0.0
2024-11-30,11,5,30,Meta,936,6260.0,0,0.0,0.0,0.0
2024-11-22,11,4,22,Meta,936,6359.0,0,0.0,0.0,0.0
2024-11-30,11,5,30,Meta,936,2383.0,0,0.0,1.0,0.0
2024-11-30,11,5,30,Meta,936,11292.0,3,5.389999866,1.0,0.0
2024-11-30,11,5,30,Meta,936,12729.0,4,5.779999852,0.0,0.0
2024-11-23,11,5,23,Meta,936,1898.0,0,0.0,1.0,0.0
2024-11-23,11,5,23,Meta,936,1882.0,0,0.0,1.0,0.0
2024-11-24,11,6,24,Meta,936,2883.0,1,0.99000001,1.0,0.0
2024-11-24,11,6,24,Meta,936,3989.0,1,1.279999971,0.0,0.0
2024-11-24,11,6,24,Meta,936,19603.0,4,5.279999971,1.0,0.0
2024-11-25,11,0,25,Meta,936,3047.0,1,1.379999995,0.0,0.0
2024-11-25,11,0,25,Meta,936,3029.0,1,1.049999952,1.0,0.0
2024-11-25,11,0,25,Meta,936,3490.0,1,1.340000033,1.0,0.0
2024-11-25,11,0,25,Meta,936,2479.0,0,0.0,0.0,0.0
2024-11-25,11,0,25,Meta,936,19581.0,7,10.42999983,0.0,0.0
2024-11-24,11,6,24,Meta,936,19537.0,5,6.099999905,0.0,0.0
2024-11-24,11,6,24,Meta,936,59433.0,12,19.65999949,0.0,0.0
2024-11-23,11,5,23,Meta,936,157534.0,33,56.19000077,0.0,0.0
2024-11-23,11,5,23,Meta,936,1781.0,0,0.0,1.0,0.0
2024-11-23,11,5,23,Meta,936,23769.0,4,6.029999852,0.0,0.0
2024-11-23,11,5,23,Meta,936,7101.0,0,0.0,0.0,0.0
2024-11-23,11,5,23,Meta,936,4726.0,1,1.830000043,1.0,0.0
2024-11-24,11,6,24,Meta,936,5209.0,1,0.959999979,0.0,0.0
2024-11-24,11,6,24,Meta,936,13473.0,3,2.619999945,0.0,0.0
2024-11-23,11,5,23,Meta,936,500.0,0,0.0,1.0,0.0
2024-11-23,11,5,23,Meta,936,4616.0,1,1.360000014,0.0,0.0
2024-11-30,11,5,30,Meta,936,3279.0,0,0.0,0.0,0.0
2024-11-30,11,5,30,Meta,936,3288.0,0,0.0,0.0,0.0
2024-11-28,11,3,28,Meta,936,14615.0,4,6.050000191,0.0,0.0
2024-11-28,11,3,28,Meta,936,56615.0,12,19.88000035,0.0,0.0
2024-11-28,11,3,28,Meta,936,11735.0,3,4.529999971,1.0,0.0
2024-11-28,11,3,28,Meta,936,15910.0,5,6.779999852,0.0,0.0
2024-11-28,11,3,28,Meta,936,11446.0,2,3.090000033,1.0,0.0
2024-11-28,11,3,28,Meta,936,4595.0,0,0.0,0.0,0.0
2024-11-28,11,3,28,Meta,936,4871.0,0,0.0,0.0,0.0
2024-11-28,11,3,28,Meta,936,3199.0,0,0.0,0.0,0.0
2024-11-28,11,3,28,Meta,936,9388.0,2,3.140000105,0.0,0.0
2024-11-27,11,2,27,Meta,936,17954.0,6,7.5400002,1.0,0.0
2024-11-27,11,2,27,Meta,936,2755.0,0,0.0,0.0,0.0
2024-11-27,11,2,27,Meta,936,8152.0,1,0.99000001,0.0,0.0
2024-11-27,11,2,27,Meta,936,74542.0,19,34.1500001,0.0,0.0
2024-11-27,11,2,27,Meta,936,6699.0,2,3.090000033,0.0,0.0
2024-11-27,11,2,27,Meta,936,11911.0,4,3.959999919,0.0,0.0
2024-11-27,11,2,27,Meta,936,10090.0,2,2.650000095,1.0,0.0
2024-11-27,11,2,27,Meta,936,1273.0,0,0.0,1.0,0.0
2024-11-27,11,2,27,Meta,936,24188.0,5,8.179999828,0.0,0.0
2024-11-27,11,2,27,Meta,936,2214.0,0,0.0,0.0,0.0
2024-11-28,11,3,28,Meta,936,9735.0,4,4.130000114,1.0,0.0
2024-11-28,11,3,28,Meta,936,1371.0,0,0.0,1.0,0.0
2024-11-29,11,4,29,Meta,936,10750.0,4,5.389999866,0.0,0.0
2024-11-29,11,4,29,Meta,936,7629.0,1,0.720000029,1.0,0.0
2024-11-29,11,4,29,Meta,936,4608.0,0,0.0,0.0,0.0
2024-11-29,11,4,29,Meta,936,3732.0,0,0.0,0.0,0.0
2024-11-30,11,5,30,Meta,936,7453.0,1,1.679999948,1.0,0.0
2024-11-30,11,5,30,Meta,936,41785.0,14,19.10000038,0.0,0.0
2024-11-30,11,5,30,Meta,936,8077.0,2,3.579999924,1.0,0.0
2024-11-30,11,5,30,Meta,936,5602.0,1,1.580000043,0.0,0.0
2024-11-30,11,5,30,Meta,936,6184.0,2,2.75,1.0,0.0
2024-11-29,11,4,29,Meta,936,1738.0,0,0.0,0.0,0.0
2024-11-29,11,4,29,Meta,936,112460.0,25,41.29000068,0.0,0.0
2024-11-29,11,4,29,Meta,936,4414.0,0,0.0,0.0,0.0
2024-11-28,11,3,28,Meta,936,14670.0,7,9.410000324,0.0,0.0
2024-11-28,11,3,28,Meta,936,33144.0,9,13.40999985,0.0,0.0
2024-11-29,11,4,29,Meta,936,4397.0,1,0.949999988,0.0,0.0
2024-11-29,11,4,29,Meta,936,1006.0,0,0.0,0.0,0.0
2024-11-29,11,4,29,Meta,936,89527.0,24,32.28999996,0.0,0.0
2024-11-29,11,4,29,Meta,936,2459.0,0,0.0,0.0,0.0
2024-11-29,11,4,29,Meta,936,7116.0,2,1.730000019,1.0,0.0
2024-11-29,11,4,29,Meta,936,8613.0,1,0.889999986,0.0,0.0
2024-11-19,11,1,19,Meta,936,9730.0,1,1.379999995,0.0,0.0
2024-11-19,11,1,19,Meta,936,51816.0,8,10.2299999,1.0,0.0
2024-11-22,11,4,22,Meta,936,27289.0,3,4.429999828,0.0,0.0
2024-11-22,11,4,22,Meta,936,20409.0,4,3.829999924,0.0,0.0
2024-11-22,11,4,22,Meta,936,8044.0,1,1.110000014,0.0,0.0
2024-11-22,11,4,22,Meta,936,15645.0,4,5.349999905,0.0,0.0
2024-11-22,11,4,22,Meta,936,2466.0,0,0.0,2.0,0.0
2024-11-22,11,4,22,Meta,936,11611.0,3,3.950000048,1.0,0.0
2024-11-22,11,4,22,Meta,936,9375.0,3,4.019999981,0.0,0.0
2024-11-22,11,4,22,Meta,936,4402.0,1,1.330000043,1.0,0.0
2024-11-22,11,4,22,Meta,936,8469.0,2,3.089999914,0.0,0.0
2024-11-22,11,4,22,Meta,936,5823.0,1,1.419999957,1.0,0.0
2024-11-21,11,3,21,Meta,936,2549.0,0,0.0,0.0,0.0
2024-11-21,11,3,21,Meta,936,25817.0,4,6.019999981,0.0,0.0
2024-11-21,11,3,21,Meta,936,1961.0,0,0.0,0.0,0.0
2024-11-21,11,3,21,Meta,936,2554.0,0,0.0,0.0,0.0
2024-11-21,11,3,21,Meta,936,4971.0,1,1.230000019,1.0,0.0
2024-11-22,11,4,22,Meta,936,1030.0,0,0.0,1.0,0.0
2024-11-22,11,4,22,Meta,936,162341.0,56,77.07999969,0.0,0.0
2024-11-21,11,3,21,Meta,936,24542.0,7,9.329999924,0.0,0.0
2024-11-21,11,3,21,Meta,936,2879.0,0,0.0,1.0,0.0
2024-11-22,11,4,22,Meta,936,13621.0,3,4.090000033,0.0,0.0
2024-11-23,11,5,23,Meta,936,6175.0,1,1.370000005,1.0,0.0
2024-11-24,11,6,24,Meta,936,2963.0,0,0.0,0.0,0.0
2024-11-24,11,6,24,Meta,936,9076.0,1,1.379999995,1.0,0.0
2024-11-24,11,6,24,Meta,936,20941.0,4,5.909999967,1.0,0.0
2024-11-24,11,6,24,Meta,936,3462.0,0,0.0,0.0,0.0
2024-11-24,11,6,24,Meta,936,4073.0,0,0.0,1.0,0.0
2024-11-18,11,0,18,Meta,936,3745.0,0,0.0,0.0,0.0
2024-11-18,11,0,18,Meta,936,830.0,0,0.0,0.0,0.0
2024-11-18,11,0,18,Meta,936,2912.0,0,0.0,0.0,0.0
2024-11-24,11,6,24,Meta,936,17167.0,5,6.910000086,0.0,0.0
2024-11-24,11,6,24,Meta,936,24491.0,7,9.539999962,0.0,0.0
2024-11-23,11,5,23,Meta,936,44699.0,13,17.30000037,0.0,0.0
2024-11-23,11,5,23,Meta,936,6469.0,2,1.309999943,0.0,0.0
2024-11-23,11,5,23,Meta,936,16053.0,3,4.079999924,1.0,0.0
2024-11-23,11,5,23,Meta,936,54724.0,12,17.92999995,1.0,0.0
2024-11-23,11,5,23,Meta,936,4706.0,1,1.220000029,0.0,0.0
2024-11-23,11,5,23,Meta,936,8316.0,3,4.569999933,1.0,0.0
2024-11-23,11,5,23,Meta,936,5794.0,2,2.269999981,0.0,0.0
2024-11-23,11,5,23,Meta,936,4813.0,1,1.029999971,0.0,0.0
2024-11-23,11,5,23,Meta,936,85285.0,26,36.13000035,0.0,0.0
2024-11-21,11,3,21,Meta,936,5839.0,1,1.370000005,0.0,0.0
2024-11-21,11,3,21,Meta,936,5859.0,1,1.539999962,0.0,0.0
2024-11-18,11,0,18,Meta,936,164118.0,41,59.06999993,0.0,0.0
2024-11-18,11,0,18,Meta,936,18234.0,6,7.810000062,0.0,0.0
2024-11-18,11,0,18,Meta,936,2755.0,0,0.0,0.0,0.0
2024-11-19,11,1,19,Meta,936,73676.0,20,28.5,0.0,0.0
2024-11-19,11,1,19,Meta,936,18421.0,7,10.07999992,0.0,0.0
2024-11-19,11,1,19,Meta,936,164754.0,49,67.97999978,1.0,0.0
2024-11-19,11,1,19,Meta,936,7449.0,1,1.639999986,1.0,0.0
2024-11-19,11,1,19,Meta,936,6424.0,1,0.529999971,0.0,0.0
2024-11-18,11,0,18,Meta,936,2086.0,0,0.0,0.0,0.0
2024-11-18,11,0,18,Meta,936,6016.0,0,0.0,0.0,0.0
2024-11-18,11,0,18,Meta,936,6412.0,1,1.370000005,0.0,0.0
2024-11-24,11,6,24,Meta,936,5040.0,1,1.440000057,0.0,0.0
2024-11-24,11,6,24,Meta,936,1772.0,0,0.0,0.0,0.0
2024-11-18,11,0,18,Meta,936,1783.0,0,0.0,0.0,0.0
2024-11-18,11,0,18,Meta,936,8200.0,3,3.919999957,0.0,0.0
2024-11-18,11,0,18,Meta,936,115896.0,38,49.44000006,0.0,0.0
2024-11-18,11,0,18,Meta,936,10186.0,1,1.230000019,1.0,0.0
2024-11-18,11,0,18,Meta,936,9134.0,3,4.180000067,0.0,0.0
2024-11-18,11,0,18,Meta,936,3385.0,1,1.440000057,1.0,0.0
2024-11-19,11,1,19,Meta,936,1314.0,0,0.0,0.0,0.0
2024-11-19,11,1,19,Meta,936,2916.0,0,0.0,1.0,0.0
2024-11-20,11,2,20,Meta,936,6142.0,1,1.330000043,0.0,0.0
2024-11-20,11,2,20,Meta,936,1984.0,0,0.0,0.0,0.0
2024-11-20,11,2,20,Meta,936,9142.0,3,3.749999881,0.0,0.0
2024-11-20,11,2,20,Meta,936,5475.0,2,2.730000019,1.0,0.0
2024-11-20,11,2,20,Meta,936,8254.0,2,2.320000052,1.0,0.0
2024-11-21,11,3,21,Meta,936,5704.0,1,1.320000052,0.0,0.0
2024-11-21,11,3,21,Meta,936,7301.0,0,0.0,0.0,0.0
2024-11-21,11,3,21,Meta,936,37873.0,5,6.169999957,1.0,0.0
2024-11-20,11,2,20,Meta,936,25267.0,4,4.940000057,1.0,0.0
2024-11-20,11,2,20,Meta,936,535.0,0,0.0,0.0,0.0
2024-11-19,11,1,19,Meta,936,3396.0,0,0.0,0.0,0.0
2024-11-19,11,1,19,Meta,936,977.0,0,0.0,0.0,0.0
2024-11-19,11,1,19,Meta,936,12318.0,5,6.340000153,1.0,0.0
2024-11-19,11,1,19,Meta,936,4783.0,1,0.860000014,0.0,0.0
2024-11-19,11,1,19,Meta,936,6475.0,1,1.350000024,0.0,0.0
2024-11-20,11,2,20,Meta,936,104578.0,29,39.25000095,1.0,0.0
2024-11-20,11,2,20,Meta,936,33664.0,11,12.51000035,0.0,0.0
2024-11-20,11,2,20,Meta,936,979.0,0,0.0,0.0,0.0
2024-11-20,11,2,20,Meta,936,7337.0,3,4.079999924,0.0,0.0
2024-11-18,11,0,18,Meta,936,2499.0,0,0.0,0.0,0.0
2024-11-18,11,0,18,Meta,936,11244.0,3,4.550000191,0.0,0.0
2024-11-23,11,5,23,Meta,936,4827.0,0,0.0,0.0,0.0
2024-11-23,11,5,23,Meta,936,29035.0,7,8.910000086,2.0,0.0
2024-11-23,11,5,23,Meta,936,761.0,0,0.0,0.0,0.0
2024-11-23,11,5,23,Meta,936,6532.0,1,1.610000014,0.0,0.0
2024-11-23,11,5,23,Meta,936,11537.0,3,4.300000191,0.0,0.0
2024-11-23,11,5,23,Meta,936,12183.0,3,2.869999945,0.0,0.0
2024-11-23,11,5,23,Meta,936,5912.0,1,1.559999943,1.0,0.0
2024-11-23,11,5,23,Meta,936,4012.0,1,1.570000052,0.0,0.0
2024-11-22,11,4,22,Meta,936,12396.0,2,3.210000038,1.0,0.0
2024-11-22,11,4,22,Meta,936,3142.0,0,0.0,2.0,0.0
2024-11-22,11,4,22,Meta,936,1120.0,0,0.0,0.0,0.0
2024-11-22,11,4,22,Meta,936,343.0,0,0.0,1.0,0.0
2024-11-22,11,4,22,Meta,936,1720.0,0,0.0,1.0,0.0
2024-11-22,11,4,22,Meta,936,3423.0,0,0.0,1.0,0.0
2024-11-22,11,4,22,Meta,936,3242.0,0,0.0,0.0,0.0
2024-11-22,11,4,22,Meta,936,15720.0,1,1.379999995,0.0,0.0
2024-11-22,11,4,22,Meta,936,1217.0,0,0.0,1.0,0.0
2024-11-22,11,4,22,Meta,936,2367.0,2,2.839999914,1.0,0.0
2024-11-22,11,4,22,Meta,936,6607.0,1,1.320000052,0.0,0.0
2024-11-23,11,5,23,Meta,936,616.0,0,0.0,0.0,0.0
2024-11-23,11,5,23,Meta,936,5537.0,1,1.519999981,0.0,0.0
2024-11-19,11,1,19,Meta,936,818.0,0,0.0,0.0,0.0
2024-11-19,11,1,19,Meta,936,1909.0,1,0.980000019,0.0,0.0
2024-11-18,11,0,18,Meta,936,351.0,0,0.0,0.0,0.0
2024-11-19,11,1,19,Meta,936,572.0,0,0.0,0.0,0.0
2024-11-19,11,1,19,Meta,936,1884.0,1,1.409999967,0.0,0.0
2024-11-19,11,1,19,Meta,936,219.0,0,0.0,0.0,0.0
2024-11-19,11,1,19,Meta,936,540.0,0,0.0,1.0,0.0
2024-11-19,11,1,19,Meta,936,550.0,0,0.0,0.0,0.0
2024-11-18,11,0,18,Meta,936,465.0,0,0.0,0.0,0.0
2024-11-18,11,0,18,Meta,936,1761.0,0,0.0,1.0,0.0
2024-11-23,11,5,23,Meta,936,152.0,0,0.0,1.0,0.0
2024-11-23,11,5,23,Meta,936,152.0,0,0.0,1.0,0.0
2024-11-23,11,5,23,Meta,936,429.0,0,0.0,0.0,0.0
2024-11-18,11,0,18,Meta,936,1514.0,0,0.0,2.0,0.0
2024-11-18,11,0,18,Meta,936,7780.0,3,4.329999924,2.0,0.0
2024-11-18,11,0,18,Meta,936,460.0,0,0.0,0.0,0.0
2024-11-18,11,0,18,Meta,936,471.0,0,0.0,0.0,0.0
2024-11-18,11,0,18,Meta,936,2633.0,1,1.070000052,0.0,0.0
2024-11-18,11,0,18,Meta,936,199.0,0,0.0,0.0,0.0
2024-11-22,11,4,22,Meta,936,398.0,0,0.0,0.0,0.0
2024-11-22,11,4,22,Meta,936,246.0,0,0.0,2.0,0.0
2024-11-19,11,1,19,Meta,936,2967.0,1,1.5,1.0,0.0
2024-11-19,11,1,19,Meta,936,255.0,0,0.0,0.0,0.0
2024-11-19,11,1,19,Meta,936,457.0,0,0.0,1.0,0.0
2024-11-19,11,1,19,Meta,936,5517.0,1,1.230000019,0.0,0.0
2024-11-19,11,1,19,Meta,936,1539.0,0,0.0,1.0,0.0
2024-11-19,11,1,19,Meta,936,3189.0,0,0.0,0.0,0.0
2024-11-19,11,1,19,Meta,936,3348.0,0,0.0,0.0,0.0
2024-11-19,11,1,19,Meta,936,20050.0,4,4.659999847,1.0,0.0
2024-11-19,11,1,19,Meta,936,2254.0,0,0.0,0.0,0.0
2024-11-19,11,1,19,Meta,936,5894.0,1,1.539999962,1.0,0.0
2024-11-18,11,0,18,Meta,936,9948.0,2,2.720000029,0.0,0.0
2024-11-18,11,0,18,Meta,936,5307.0,3,4.289999962,1.0,0.0
2024-11-18,11,0,18,Meta,936,4621.0,2,3.25,1.0,0.0
2024-11-18,11,0,18,Meta,936,784.0,0,0.0,1.0,0.0
2024-11-18,11,0,18,Meta,936,5775.0,1,1.580000043,1.0,0.0
2024-11-19,11,1,19,Meta,936,9297.0,2,2.619999886,1.0,0.0
2024-11-19,11,1,19,Meta,936,699.0,0,0.0,0.0,0.0
2024-11-19,11,1,19,Meta,936,1104.0,0,0.0,0.0,0.0
2024-11-18,11,0,18,Meta,936,3717.0,1,1.539999962,0.0,0.0
2024-11-19,11,1,19,Meta,936,2879.0,1,1.590000033,2.0,0.0
2024-11-20,11,2,20,Meta,936,2749.0,1,1.389999986,0.0,0.0
2024-11-21,11,3,21,Meta,936,24028.0,9,12.39000034,0.0,0.0
2024-11-21,11,3,21,Meta,936,1118.0,0,0.0,1.0,0.0
2024-11-21,11,3,21,Meta,936,1083.0,0,0.0,1.0,0.0
2024-11-21,11,3,21,Meta,936,843.0,0,0.0,0.0,0.0
2024-11-21,11,3,21,Meta,936,2983.0,1,0.970000029,0.0,0.0
2024-11-22,11,4,22,Meta,936,696.0,0,0.0,0.0,0.0
2024-11-21,11,3,21,Meta,936,7589.0,2,3.150000095,1.0,0.0
2024-11-21,11,3,21,Meta,936,20997.0,10,11.94999981,0.0,0.0
2024-11-21,11,3,21,Meta,936,4617.0,1,1.360000014,0.0,0.0
2024-11-21,11,3,21,Meta,936,259.0,0,0.0,0.0,0.0
2024-11-21,11,3,21,Meta,936,1134.0,0,0.0,0.0,0.0
2024-11-20,11,2,20,Meta,936,357.0,0,0.0,0.0,0.0
2024-11-20,11,2,20,Meta,936,848.0,0,0.0,1.0,0.0
2024-11-20,11,2,20,Meta,936,3149.0,1,1.480000019,0.0,0.0
2024-11-20,11,2,20,Meta,936,87.0,0,0.0,1.0,0.0
2024-11-20,11,2,20,Meta,936,2563.0,1,1.480000019,0.0,0.0
2024-11-21,11,3,21,Meta,936,1107.0,0,0.0,0.0,0.0
2024-11-20,11,2,20,Meta,936,10677.0,5,7.269999981,0.0,0.0
2024-11-20,11,2,20,Meta,936,2189.0,1,0.409999996,0.0,0.0
2024-11-20,11,2,20,Meta,936,3277.0,2,2.680000067,0.0,0.0
2024-11-24,11,6,24,Meta,936,781.0,0,0.0,0.0,0.0
2024-11-24,11,6,24,Meta,936,2226.0,0,0.0,0.0,0.0
2024-11-29,11,4,29,Meta,936,16274.0,4,6.079999924,0.0,0.0
2024-11-29,11,4,29,Meta,936,2077.0,1,1.50999999,1.0,0.0
2024-11-29,11,4,29,Meta,936,529.0,0,0.0,0.0,0.0
2024-11-25,11,0,25,Meta,936,487.0,0,0.0,0.0,0.0
2024-11-25,11,0,25,Meta,936,4626.0,2,2.099999905,0.0,0.0
2024-11-25,11,0,25,Meta,936,2764.0,1,1.559999943,1.0,0.0
2024-11-25,11,0,25,Meta,936,5447.0,2,2.960000038,0.0,0.0
2024-11-25,11,0,25,Meta,936,28169.0,8,12.36999989,1.0,0.0
2024-11-29,11,4,29,Meta,936,415.0,0,0.0,0.0,0.0
2024-11-29,11,4,29,Meta,936,810.0,0,0.0,1.0,0.0
2024-11-28,11,3,28,Meta,1178,1194718.0,141,254.049996,14.0,0.0
2024-11-28,11,3,28,Meta,1178,637648.0,67,122.4,5.0,0.0
2024-11-28,11,3,28,Meta,1178,24362.0,0,0.0,1.0,0.0
2024-11-28,11,3,28,Meta,1178,459690.0,50,86.33000112,2.0,0.0
2024-11-28,11,3,28,Meta,1178,750060.0,86,161.9099991,2.0,0.0
2024-11-29,11,4,29,Meta,1178,30068.0,1,1.820000052,0.0,0.0
2024-11-29,11,4,29,Meta,1178,1267550.0,123,236.7699986,10.0,0.0
2024-11-29,11,4,29,Meta,1178,3052003.0,340,639.9499981,17.0,0.0
2024-11-28,11,3,28,Meta,1178,29945.0,1,1.590000033,1.0,0.0
2024-11-25,11,0,25,Meta,1178,357856.0,30,52.97000015,3.0,0.0
2024-11-25,11,0,25,Meta,1178,2080666.0,202,360.1500015,21.0,0.0
2024-11-26,11,1,26,Meta,1178,145999.0,9,16.5200001,2.0,0.0
2024-11-26,11,1,26,Meta,1178,32616.0,1,1.539999962,0.0,0.0
2024-11-26,11,1,26,Meta,1178,984521.0,95,163.8999972,14.0,0.0
2024-11-26,11,1,26,Meta,1178,880814.0,123,210.3600006,2.0,0.0
2024-11-26,11,1,26,Meta,1178,182452.0,20,35.73000026,1.0,0.0
2024-11-27,11,2,27,Meta,1178,894911.0,120,215.8399994,4.0,0.0
2024-11-27,11,2,27,Meta,1178,31349.0,2,3.800000072,0.0,0.0
2024-11-26,11,1,26,Meta,1178,410310.0,55,96.80000055,0.0,0.0
2024-11-26,11,1,26,Meta,1178,572450.0,89,157.329998,4.0,0.0
2024-11-26,11,1,26,Meta,1178,98759.0,15,26.56999946,1.0,0.0
2024-11-25,11,0,25,Meta,1178,345371.0,54,93.08999991,3.0,0.0
2024-11-25,11,0,25,Meta,1178,323899.0,46,78.9200002,1.0,0.0
2024-11-25,11,0,25,Meta,1178,399199.0,58,103.1500002,0.0,0.0
2024-11-25,11,0,25,Meta,1178,171202.0,22,36.53000021,1.0,0.0
2024-11-26,11,1,26,Meta,1178,128386.0,15,28.85000002,1.0,0.0
2024-11-26,11,1,26,Meta,1178,1034284.0,152,257.7099986,9.0,0.0
2024-11-26,11,1,26,Meta,1178,45923.0,5,7.220000148,0.0,0.0
2024-11-26,11,1,26,Meta,1178,40873.0,4,7.899999976,1.0,0.0
2024-11-26,11,1,26,Meta,1178,286553.0,34,62.06000042,1.0,0.0
2024-11-28,11,3,28,Meta,1178,20618.0,1,2.099999905,1.0,0.0
2024-11-28,11,3,28,Meta,1178,83591.0,7,14.14000046,2.0,0.0
2024-11-21,11,3,21,Meta,1178,114923.0,12,23.73000026,2.0,0.0
2024-11-21,11,3,21,Meta,1178,25002.0,1,1.710000038,0.0,0.0
2024-11-21,11,3,21,Meta,1178,68905.0,5,9.440000057,0.0,0.0
2024-11-21,11,3,21,Meta,1178,169588.0,16,27.79999924,0.0,0.0
2024-11-21,11,3,21,Meta,1178,328991.0,35,67.65000057,2.0,0.0
2024-11-21,11,3,21,Meta,1178,23198.0,2,2.980000019,0.0,0.0
2024-11-21,11,3,21,Meta,1178,26890.0,2,3.24000001,0.0,0.0
2024-11-21,11,3,21,Meta,1178,221695.0,31,52.26000011,2.0,0.0
2024-11-20,11,2,20,Meta,1178,88443.0,7,13.0400002,1.0,0.0
2024-11-20,11,2,20,Meta,1178,187856.0,23,38.38999975,1.0,0.0
2024-11-19,11,1,19,Meta,1178,570699.0,80,138.7699997,2.0,0.0
2024-11-19,11,1,19,Meta,1178,1063508.0,145,260.3800013,7.0,0.0
2024-11-19,11,1,19,Meta,1178,50523.0,6,8.549999952,0.0,0.0
2024-11-20,11,2,20,Meta,1178,87935.0,9,15.63000023,0.0,0.0
2024-11-20,11,2,20,Meta,1178,278225.0,33,60.19999957,0.0,0.0
2024-11-20,11,2,20,Meta,1178,209461.0,20,34.19000006,0.0,0.0
2024-11-20,11,2,20,Meta,1178,26316.0,2,3.24000001,0.0,0.0
2024-11-20,11,2,20,Meta,1178,41030.0,3,5.140000105,1.0,0.0
2024-11-20,11,2,20,Meta,1178,876671.0,120,216.5599982,4.0,0.0
2024-11-21,11,3,21,Meta,1178,399392.0,53,93.07000041,0.0,0.0
2024-11-22,11,4,22,Meta,1178,283858.0,30,56.05999923,0.0,0.0
2024-11-23,11,5,23,Meta,1178,260699.0,31,54.09999871,2.0,0.0
2024-11-23,11,5,23,Meta,1178,57781.0,5,7.800000072,1.0,0.0
2024-11-23,11,5,23,Meta,1178,38757.0,3,5.220000029,0.0,0.0
2024-11-23,11,5,23,Meta,1178,1392288.0,206,358.5500029,7.0,0.0
2024-11-23,11,5,23,Meta,1178,1109387.0,159,280.9899995,2.0,0.0
2024-11-28,11,3,28,Meta,1178,581281.0,65,115.1200008,5.0,0.0
2024-11-23,11,5,23,Meta,1178,1048861.0,128,219.770002,8.0,0.0
2024-11-23,11,5,23,Meta,1178,297452.0,30,52.01999986,1.0,0.0
2024-11-23,11,5,23,Meta,1178,227925.0,22,35.30999994,12.0,0.0
2024-11-23,11,5,23,Meta,1178,374175.0,38,63.32000101,3.0,0.0
2024-11-23,11,5,23,Meta,1178,223586.0,32,54.24000037,0.0,0.0
2024-11-22,11,4,22,Meta,1178,283170.0,39,65.22999996,1.0,0.0
2024-11-22,11,4,22,Meta,1178,41636.0,3,4.210000038,0.0,0.0
2024-11-22,11,4,22,Meta,1178,198658.0,30,48.60999978,1.0,0.0
2024-11-22,11,4,22,Meta,1178,100596.0,10,13.91999972,2.0,0.0
2024-11-22,11,4,22,Meta,1178,64020.0,5,11.0599997,0.0,0.0
2024-11-23,11,5,23,Meta,1178,14289.0,0,0.0,0.0,0.0
2024-11-22,11,4,22,Meta,1178,404866.0,43,87.42000079,0.0,0.0
2024-11-22,11,4,22,Meta,1178,22256.0,1,1.659999967,1.0,0.0
2024-11-22,11,4,22,Meta,1178,57690.0,4,6.74000001,0.0,0.0
2024-11-27,11,2,27,Meta,1178,24952.0,5,8.220000267,2.0,0.0
2024-11-27,11,2,27,Meta,1178,38900.0,3,5.580000043,0.0,0.0
2024-11-22,11,4,22,Meta,1178,53520.0,6,9.2299999,1.0,0.0
2024-11-22,11,4,22,Meta,1178,181683.0,20,34.22999972,1.0,0.0
2024-11-22,11,4,22,Meta,1178,29185.0,2,3.149999976,0.0,0.0
2024-11-22,11,4,22,Meta,1178,105047.0,13,20.2099994,1.0,0.0
2024-11-22,11,4,22,Meta,1178,287976.0,31,59.43999982,2.0,0.0
2024-11-23,11,5,23,Meta,1178,212175.0,22,38.58999968,1.0,0.0
2024-11-23,11,5,23,Meta,1178,11139.0,0,0.0,1.0,0.0
2024-11-22,11,4,22,Meta,1178,124005.0,11,21.84999979,1.0,0.0
2024-11-22,11,4,22,Meta,1178,20423.0,1,1.960000038,0.0,0.0
2024-11-22,11,4,22,Meta,1178,103001.0,14,22.32000005,0.0,0.0
2024-11-30,11,5,30,Meta,1178,447420.0,66,110.2399991,2.0,0.0
2024-11-30,11,5,30,Meta,1178,156101.0,19,29.75000048,2.0,0.0
2024-11-30,11,5,30,Meta,1178,93015.0,12,18.47000015,0.0,0.0
2024-11-22,11,4,22,Meta,1178,145398.0,23,36.24000025,0.0,0.0
2024-11-22,11,4,22,Meta,1178,296413.0,50,76.43999958,1.0,0.0
2024-11-22,11,4,22,Meta,1178,9370.0,0,0.0,1.0,0.0
2024-11-22,11,4,22,Meta,1178,63785.0,7,11.80000019,2.0,0.0
2024-11-22,11,4,22,Meta,1178,118522.0,14,26.81999981,1.0,0.0
2024-11-22,11,4,22,Meta,1178,240123.0,38,65.67000115,4.0,0.0
2024-11-23,11,5,23,Meta,1178,169108.0,20,32.24000025,1.0,0.0
2024-11-23,11,5,23,Meta,1178,1044442.0,142,245.5999999,8.0,0.0
2024-11-24,11,6,24,Meta,1178,93891.0,11,17.6400001,3.0,0.0
2024-11-24,11,6,24,Meta,1178,185823.0,25,38.54999936,1.0,0.0
2024-11-24,11,6,24,Meta,1178,175631.0,23,40.75999951,0.0,0.0
2024-11-24,11,6,24,Meta,1178,37187.0,4,6.370000005,0.0,0.0
2024-11-24,11,6,24,Meta,1178,10991.0,0,0.0,0.0,0.0
2024-11-24,11,6,24,Meta,1178,344618.0,51,89.76000047,1.0,0.0
2024-11-24,11,6,24,Meta,1178,98066.0,9,16.1500001,0.0,0.0
2024-11-24,11,6,24,Meta,1178,770749.0,100,189.1299984,3.0,0.0
2024-11-24,11,6,24,Meta,1178,52553.0,5,8.529999852,0.0,0.0
2024-11-23,11,5,23,Meta,1178,362296.0,39,67.77000129,3.0,0.0
2024-11-23,11,5,23,Meta,1178,427729.0,50,96.8999989,1.0,0.0
2024-11-23,11,5,23,Meta,1178,180351.0,21,37.13000011,1.0,0.0
2024-11-23,11,5,23,Meta,1178,187329.0,29,53.15999961,1.0,0.0
2024-11-23,11,5,23,Meta,1178,782894.0,118,192.9299995,2.0,0.0
2024-11-23,11,5,23,Meta,1178,1206533.0,128,236.1199988,6.0,0.0
2024-11-23,11,5,23,Meta,1178,84494.0,7,12.57000017,0.0,0.0
2024-11-23,11,5,23,Meta,1178,94257.0,7,12.5800004,1.0,0.0
2024-11-23,11,5,23,Meta,1178,131060.0,16,28.04999959,1.0,0.0
2024-11-23,11,5,23,Meta,1178,341603.0,50,83.48000121,2.0,0.0
2024-11-30,11,5,30,Meta,1178,140749.0,19,30.4799999,1.0,0.0
2024-11-30,11,5,30,Meta,1178,102525.0,13,20.29999983,1.0,0.0
2024-11-28,11,3,28,Meta,1178,447952.0,68,131.5799983,1.0,0.0
2024-11-28,11,3,28,Meta,1178,76355.0,9,14.62999988,0.0,0.0
2024-11-28,11,3,28,Meta,1178,256598.0,38,64.46999931,1.0,0.0
2024-11-28,11,3,28,Meta,1178,127476.0,21,30.15000057,2.0,0.0
2024-11-28,11,3,28,Meta,1178,237603.0,37,62.25000024,2.0,0.0
2024-11-28,11,3,28,Meta,1178,271091.0,42,78.03999984,1.0,0.0
2024-11-28,11,3,28,Meta,1178,21743.0,2,3.400000095,0.0,0.0
2024-11-28,11,3,28,Meta,1178,88970.0,10,14.8300004,0.0,0.0
2024-11-28,11,3,28,Meta,1178,108362.0,13,22.42999983,1.0,0.0
2024-11-28,11,3,28,Meta,1178,188596.0,27,44.14000034,0.0,0.0
2024-11-27,11,2,27,Meta,1178,275080.0,43,69.65999997,3.0,0.0
2024-11-27,11,2,27,Meta,1178,64647.0,10,16.26999998,0.0,0.0
2024-11-27,11,2,27,Meta,1178,31265.0,4,5.789999902,0.0,0.0
2024-11-27,11,2,27,Meta,1178,140147.0,24,42.08000016,0.0,0.0
2024-11-27,11,2,27,Meta,1178,223120.0,40,67.66999984,0.0,0.0
2024-11-28,11,3,28,Meta,1178,104869.0,18,34.07000089,0.0,0.0
2024-11-28,11,3,28,Meta,1178,165177.0,23,41.71999967,1.0,0.0
2024-11-27,11,2,27,Meta,1178,84194.0,11,19.56999981,0.0,0.0
2024-11-27,11,2,27,Meta,1178,220581.0,31,57.37,1.0,0.0
2024-11-29,11,4,29,Meta,1178,75804.0,10,17.36999965,1.0,0.0
2024-11-29,11,4,29,Meta,1178,368986.0,59,100.289999,0.0,0.0
2024-11-30,11,5,30,Meta,1178,28194.0,3,3.709999919,0.0,0.0
2024-11-29,11,4,29,Meta,1178,99961.0,14,23.2099998,0.0,0.0
2024-11-29,11,4,29,Meta,1178,7573.0,0,0.0,0.0,0.0
2024-11-30,11,5,30,Meta,1178,685781.0,103,177.8899992,1.0,0.0
2024-11-30,11,5,30,Meta,1178,274222.0,43,66.7700001,1.0,0.0
2024-11-30,11,5,30,Meta,1178,110503.0,25,32.67999995,0.0,0.0
2024-11-30,11,5,30,Meta,1178,1447755.0,233,420.5799983,8.0,0.0
2024-11-30,11,5,30,Meta,1178,358987.0,52,87.55000067,0.0,0.0
2024-11-30,11,5,30,Meta,1178,826205.0,125,232.3700008,1.0,0.0
2024-11-29,11,4,29,Meta,1178,550954.0,84,150.1400012,0.0,0.0
2024-11-29,11,4,29,Meta,1178,378350.0,55,96.48000073,0.0,0.0
2024-11-29,11,4,29,Meta,1178,492784.0,56,95.5100013,4.0,0.0
2024-11-29,11,4,29,Meta,1178,327158.0,43,72.3100003,2.0,0.0
2024-11-29,11,4,29,Meta,1178,9921.0,0,0.0,0.0,0.0
2024-11-29,11,4,29,Meta,1178,59390.0,5,9.209999919,3.0,0.0
2024-11-29,11,4,29,Meta,1178,1040330.0,147,254.2500038,2.0,0.0
2024-11-29,11,4,29,Meta,1178,49422.0,6,11.17000031,0.0,0.0
2024-11-29,11,4,29,Meta,1178,131091.0,18,34.23000026,1.0,0.0
2024-11-29,11,4,29,Meta,1178,95691.0,15,25.26000011,1.0,0.0
2024-11-29,11,4,29,Meta,1178,15513.0,1,1.289999962,0.0,0.0
2024-11-20,11,2,20,Meta,1178,382537.0,63,113.9900012,3.0,0.0
2024-11-20,11,2,20,Meta,1178,461356.0,64,121.0999982,3.0,0.0
2024-11-23,11,5,23,Meta,1178,392541.0,53,98.70000017,2.0,0.0
2024-11-23,11,5,23,Meta,1178,35088.0,5,8.800000072,1.0,0.0
2024-11-23,11,5,23,Meta,1178,53933.0,6,9.929999948,1.0,0.0
2024-11-24,11,6,24,Meta,1178,228861.0,33,53.38999939,2.0,0.0
2024-11-24,11,6,24,Meta,1178,20959.0,2,3.769999981,1.0,0.0
2024-11-24,11,6,24,Meta,1178,24992.0,2,3.190000057,0.0,0.0
2024-11-24,11,6,24,Meta,1178,100351.0,15,24.17999995,1.0,0.0
2024-11-24,11,6,24,Meta,1178,292448.0,43,76.89999968,1.0,0.0
2024-11-23,11,5,23,Meta,1178,65060.0,7,14.5200001,1.0,0.0
2024-11-23,11,5,23,Meta,1178,133316.0,21,36.17000055,0.0,0.0
2024-11-23,11,5,23,Meta,1178,113501.0,26,38.44000077,4.0,0.0
2024-11-23,11,5,23,Meta,1178,192810.0,41,61.92999995,3.0,0.0
2024-11-21,11,3,21,Meta,1178,233404.0,43,70.4100008,1.0,0.0
2024-11-23,11,5,23,Meta,1178,128843.0,24,37.5999999,0.0,0.0
2024-11-23,11,5,23,Meta,1178,63564.0,12,20.59000027,0.0,0.0
2024-11-23,11,5,23,Meta,1178,85970.0,14,24.78000021,1.0,0.0
2024-11-23,11,5,23,Meta,1178,131232.0,16,29.53999937,1.0,0.0
2024-11-23,11,5,23,Meta,1178,152454.0,22,37.84999979,1.0,0.0
2024-11-23,11,5,23,Meta,1178,28989.0,2,2.290000021,0.0,0.0
2024-11-24,11,6,24,Meta,1178,80248.0,15,24.1900003,1.0,0.0
2024-11-24,11,6,24,Meta,1178,38580.0,5,8.519999981,0.0,0.0
2024-11-25,11,0,25,Meta,1178,621591.0,91,163.36,1.0,0.0
2024-11-25,11,0,25,Meta,1178,250499.0,36,58.14000005,1.0,0.0
2024-11-25,11,0,25,Meta,1178,131637.0,18,29.30999982,1.0,0.0
2024-11-25,11,0,25,Meta,1178,463813.0,69,116.3399996,2.0,0.0
2024-11-25,11,0,25,Meta,1178,211767.0,35,60.89999914,1.0,0.0
2024-11-25,11,0,25,Meta,1178,163181.0,26,40.02000093,1.0,0.0
2024-11-25,11,0,25,Meta,1178,1117385.0,147,260.0699984,2.0,0.0
2024-11-25,11,0,25,Meta,1178,1663441.0,205,359.4700001,6.0,0.0
2024-11-25,11,0,25,Meta,1178,455248.0,54,105.7099996,2.0,0.0
2024-11-25,11,0,25,Meta,1178,75589.0,6,10.66000009,1.0,0.0
2024-11-24,11,6,24,Meta,1178,594267.0,82,143.3000009,2.0,0.0
2024-11-24,11,6,24,Meta,1178,315281.0,35,65.02999854,0.0,0.0
2024-11-24,11,6,24,Meta,1178,363456.0,71,117.5599997,1.0,0.0
2024-11-24,11,6,24,Meta,1178,438983.0,81,143.4300001,1.0,0.0
2024-11-24,11,6,24,Meta,1178,42563.0,5,9.659999847,1.0,0.0
2024-11-25,11,0,25,Meta,1178,399035.0,75,124.7999995,3.0,0.0
2024-11-24,11,6,24,Meta,1178,304680.0,59,98.55000019,0.0,0.0
2024-11-24,11,6,24,Meta,1178,140596.0,23,40.77000022,0.0,0.0
2024-11-24,11,6,24,Meta,1178,439986.0,80,134.8799999,3.0,0.0
2024-11-21,11,3,21,Meta,1178,75803.0,11,19.3599999,2.0,0.0
2024-11-21,11,3,21,Meta,1178,7073.0,0,0.0,0.0,0.0
2024-11-19,11,1,19,Meta,1178,153586.0,28,43.01000035,0.0,0.0
2024-11-19,11,1,19,Meta,1178,180815.0,31,42.62999976,0.0,0.0
2024-11-19,11,1,19,Meta,1178,253169.0,51,75.78999984,0.0,0.0
2024-11-19,11,1,19,Meta,1178,34453.0,5,7.710000038,1.0,0.0
2024-11-19,11,1,19,Meta,1178,51550.0,8,14.03999984,0.0,0.0
2024-11-19,11,1,19,Meta,1178,110018.0,24,39.85999966,0.0,0.0
2024-11-19,11,1,19,Meta,1178,137584.0,21,36.77999961,0.0,0.0
2024-11-19,11,1,19,Meta,1178,209825.0,30,54.86999953,0.0,0.0
2024-11-19,11,1,19,Meta,1178,264222.0,63,87.7899996,1.0,0.0
2024-11-19,11,1,19,Meta,1178,31202.0,5,6.730000019,0.0,0.0
2024-11-18,11,0,18,Meta,1178,252991.0,49,76.83999932,0.0,0.0
2024-11-18,11,0,18,Meta,1178,56265.0,9,15.53999972,0.0,0.0
2024-11-18,11,0,18,Meta,1178,76923.0,11,17.67000008,2.0,0.0
2024-11-18,11,0,18,Meta,1178,209332.0,30,49.60000014,1.0,0.0
2024-11-18,11,0,18,Meta,1178,214094.0,31,53.26999903,0.0,0.0
2024-11-19,11,1,19,Meta,1178,526209.0,85,126.9299996,2.0,0.0
2024-11-19,11,1,19,Meta,1178,741143.0,120,179.620001,1.0,0.0
2024-11-19,11,1,19,Meta,1178,172827.0,25,38.42000043,0.0,0.0
2024-11-19,11,1,19,Meta,1178,188873.0,38,58.5999999,1.0,0.0
2024-11-19,11,1,19,Meta,1178,123126.0,25,39.72999978,1.0,0.0
2024-11-20,11,2,20,Meta,1178,77794.0,14,19.11000001,1.0,0.0
2024-11-21,11,3,21,Meta,1178,56630.0,9,15.81000018,1.0,0.0
2024-11-21,11,3,21,Meta,1178,400844.0,85,140.9700022,2.0,0.0
2024-11-20,11,2,20,Meta,1178,208572.0,36,60.76000023,1.0,0.0
2024-11-21,11,3,21,Meta,1178,59004.0,8,13.51000011,0.0,0.0
2024-11-21,11,3,21,Meta,1178,196253.0,32,55.10000002,0.0,0.0
2024-11-21,11,3,21,Meta,1178,51858.0,8,12.63000011,1.0,0.0
2024-11-21,11,3,21,Meta,1178,280764.0,49,81.36000025,1.0,0.0
2024-11-21,11,3,21,Meta,1178,63660.0,11,16.47000003,1.0,0.0
2024-11-20,11,2,20,Meta,1178,109289.0,19,31.02999997,0.0,0.0
2024-11-20,11,2,20,Meta,1178,188440.0,40,60.72999966,1.0,0.0
2024-11-20,11,2,20,Meta,1178,212496.0,44,74.83000135,1.0,0.0
2024-11-20,11,2,20,Meta,1178,32574.0,5,7.480000019,0.0,0.0
2024-11-20,11,2,20,Meta,1178,128595.0,23,36.4800005,1.0,0.0
2024-11-20,11,2,20,Meta,1178,242234.0,48,68.06000054,0.0,0.0
2024-11-20,11,2,20,Meta,1178,33154.0,5,7.879999995,1.0,0.0
2024-11-20,11,2,20,Meta,1178,9773.0,1,1.460000038,0.0,0.0
2024-11-20,11,2,20,Meta,1178,464036.0,77,123.5500004,1.0,0.0
2024-11-20,11,2,20,Meta,1178,478480.0,75,135.7500012,1.0,0.0
2024-11-20,11,2,20,Meta,1178,428812.0,66,116.8800001,2.0,0.0
2024-11-26,11,1,26,Meta,1178,1177535.0,221,365.6600009,3.0,0.0
2024-11-26,11,1,26,Meta,45-49,128.2799988,4,1.0,0.0,0.0
2024-11-30,11,5,30,Meta,45-49,10.77999985,2,1.0,0.0,0.0
2024-11-30,11,5,30,Meta,45-49,133.6999986,2,2.0,0.0,0.0
2024-11-30,11,5,30,Meta,45-49,64.87999952,2,0.0,0.0,0.0
2024-11-30,11,5,30,Meta,45-49,603.380002,16,7.0,0.0,0.0
2024-11-30,11,5,30,Meta,45-49,220.559999,6,1.0,0.0,0.0
2024-11-30,11,5,30,Meta,45-49,33.89999998,3,1.0,0.0,0.0
2024-11-30,11,5,30,Meta,45-49,318.9700032,6,3.0,0.0,0.0
2024-11-30,11,5,30,Meta,45-49,248.6400001,7,2.0,0.0,0.0
2024-11-30,11,5,30,Meta,45-49,40.93000007,1,1.0,0.0,0.0
2024-11-30,11,5,30,Meta,45-49,109.2500008,1,0.0,0.0,0.0
2024-11-29,11,4,29,Meta,45-49,134.1199975,6,1.0,0.0,0.0
2024-11-29,11,4,29,Meta,45-49,103.3899996,4,4.0,0.0,0.0
2024-11-29,11,4,29,Meta,45-49,116.5599996,5,0.0,0.0,0.0
2024-11-29,11,4,29,Meta,45-49,120.2999994,2,1.0,0.0,0.0
2024-11-29,11,4,29,Meta,45-49,25.45999968,1,0.0,0.0,0.0
2024-11-30,11,5,30,Meta,45-49,35.67999983,2,0.0,0.0,0.0
2024-11-30,11,5,30,Meta,45-49,131.7800006,3,1.0,0.0,0.0
2024-11-30,11,5,30,Meta,45-49,29.91000021,1,1.0,0.0,0.0
2024-11-29,11,4,29,Meta,45-49,46.7900002,2,1.0,0.0,0.0
2024-11-30,11,5,30,Meta,45-49,3.189999938,1,0.0,0.0,0.0
2024-11-30,11,5,30,Meta,45-49,16.67999983,2,0.0,0.0,0.0
2024-11-19,11,1,19,Meta,45-49,11.11000013,1,0.0,0.0,0.0
2024-11-19,11,1,19,Meta,45-49,127.5699993,2,0.0,0.0,0.0
2024-11-19,11,1,19,Meta,45-49,11.00999999,1,0.0,0.0,0.0
2024-11-19,11,1,19,Meta,45-49,3.599999905,1,0.0,0.0,0.0
2024-11-19,11,1,19,Meta,45-49,33.65999997,1,0.0,0.0,0.0
2024-11-19,11,1,19,Meta,45-49,33.3499999,1,0.0,0.0,0.0
2024-11-19,11,1,19,Meta,45-49,128.6099997,4,3.0,0.0,0.0
2024-11-19,11,1,19,Meta,45-49,33.93000031,1,1.0,0.0,0.0
2024-11-18,11,0,18,Meta,45-49,36.4400003,2,1.0,0.0,0.0
2024-11-18,11,0,18,Meta,45-49,5.769999981,1,0.0,0.0,0.0
2024-11-18,11,0,18,Meta,45-49,181.7200011,3,0.0,0.0,0.0
2024-11-18,11,0,18,Meta,45-49,41.42000008,2,1.0,0.0,0.0
2024-11-18,11,0,18,Meta,45-49,58.67999971,1,0.0,0.0,0.0
2024-11-18,11,0,18,Meta,45-49,80.33999979,2,0.0,0.0,0.0
2024-11-18,11,0,18,Meta,45-49,104.4599996,3,0.0,0.0,0.0
2024-11-18,11,0,18,Meta,45-49,87.7300005,3,0.0,0.0,0.0
2024-11-18,11,0,18,Meta,45-49,253.990002,4,2.0,0.0,0.0
2024-11-18,11,0,18,Meta,45-49,39.44000006,1,0.0,0.0,0.0
2024-11-18,11,0,18,Meta,45-49,39.04999948,1,0.0,0.0,0.0
2024-11-29,11,4,29,Meta,45-49,16.93999958,2,1.0,0.0,0.0
2024-11-29,11,4,29,Meta,45-49,142.7099985,4,2.0,0.0,0.0
2024-11-27,11,2,27,Meta,45-49,27.29999983,2,0.0,0.0,0.0
2024-11-27,11,2,27,Meta,45-49,29.3799994,2,1.0,0.0,0.0
2024-11-27,11,2,27,Meta,45-49,277.5799986,17,8.0,0.0,0.0
2024-11-27,11,2,27,Meta,45-49,422.8400038,17,10.0,0.0,0.0
2024-11-27,11,2,27,Meta,45-49,38.50000083,1,0.0,0.0,0.0
2024-11-27,11,2,27,Meta,45-49,17.3299998,1,1.0,0.0,0.0
2024-11-27,11,2,27,Meta,45-49,32.30999994,2,1.0,0.0,0.0
2024-11-27,11,2,27,Meta,45-49,41.96999943,1,0.0,0.0,0.0
2024-11-26,11,1,26,Meta,45-49,352.4499989,3,1.0,0.0,0.0
2024-11-26,11,1,26,Meta,45-49,264.5899997,4,1.0,0.0,0.0
2024-11-26,11,1,26,Meta,45-49,158.5999998,5,2.0,0.0,0.0
2024-11-26,11,1,26,Meta,45-49,4.769999981,1,0.0,0.0,0.0
2024-11-26,11,1,26,Meta,45-49,4.820000052,1,1.0,0.0,0.0
2024-11-26,11,1,26,Meta,45-49,37.25999999,1,1.0,0.0,0.0
2024-11-26,11,1,26,Meta,45-49,39.5200007,1,0.0,0.0,0.0
2024-11-26,11,1,26,Meta,45-49,19.47999978,1,0.0,0.0,0.0
2024-11-26,11,1,26,Meta,45-49,16.38,1,1.0,0.0,0.0
2024-11-26,11,1,26,Meta,45-49,22.67000031,1,1.0,0.0,0.0
2024-11-26,11,1,26,Meta,45-49,15.99000025,1,0.0,0.0,0.0
2024-11-27,11,2,27,Meta,45-49,17.04999995,1,0.0,0.0,0.0
2024-11-27,11,2,27,Meta,30-34,64.40999997,8,4.0,0.0,0.0
2024-11-28,11,3,28,Meta,30-34,44.21999955,8,2.0,0.0,0.0
2024-11-28,11,3,28,Meta,30-34,38.18000007,2,1.0,0.0,0.0
2024-11-28,11,3,28,Meta,30-34,268.050002,26,5.0,0.0,0.0
2024-11-28,11,3,28,Meta,30-34,77.59000027,5,1.0,0.0,0.0
2024-11-29,11,4,29,Meta,30-34,46.77999997,5,2.0,0.0,0.0
2024-11-29,11,4,29,Meta,30-34,153.1199975,9,1.0,0.0,0.0
2024-11-29,11,4,29,Meta,30-34,55.99000025,2,1.0,0.0,0.0
2024-11-29,11,4,29,Meta,30-34,31.5400002,6,3.0,0.0,0.0
2024-11-29,11,4,29,Meta,30-34,147.339999,6,1.0,0.0,0.0
2024-11-28,11,3,28,Meta,30-34,159.5700021,5,2.0,0.0,0.0
2024-11-28,11,3,28,Meta,30-34,117.6299995,3,1.0,0.0,0.0
2024-11-28,11,3,28,Meta,30-34,171.9799976,4,2.0,0.0,0.0
2024-11-28,11,3,28,Meta,30-34,18.10000038,1,1.0,0.0,0.0
2024-11-28,11,3,28,Meta,30-34,4.300000191,1,0.0,0.0,0.0
2024-11-28,11,3,28,Meta,30-34,11.57000005,1,0.0,0.0,0.0
2024-11-28,11,3,28,Meta,30-34,24.48000002,2,0.0,0.0,0.0
2024-11-28,11,3,28,Meta,30-34,169.6699982,7,4.0,0.0,0.0
2024-11-28,11,3,28,Meta,30-34,62.14000034,4,1.0,0.0,0.0
2024-11-28,11,3,28,Meta,30-34,76.68000025,6,1.0,0.0,0.0
2024-11-28,11,3,28,Meta,30-34,195.1499978,11,3.0,0.0,0.0
2024-11-18,11,0,18,Meta,30-34,38.36000013,5,3.0,0.0,0.0
2024-11-18,11,0,18,Meta,30-34,24.56999969,3,1.0,0.0,0.0
2024-11-22,11,4,22,Meta,30-34,74.41000032,9,3.0,0.0,0.0
2024-11-22,11,4,22,Meta,30-34,33.46999907,5,2.0,0.0,0.0
2024-11-21,11,3,21,Meta,30-34,4.220000029,1,1.0,0.0,0.0
2024-11-22,11,4,22,Meta,30-34,147.6700006,4,0.0,0.0,0.0
2024-11-22,11,4,22,Meta,30-34,0.0,1,0.0,0.0,0.0
2024-11-22,11,4,22,Meta,30-34,62.14000058,1,0.0,0.0,0.0
2024-11-22,11,4,22,Meta,30-34,4.560000062,1,1.0,0.0,0.0
2024-11-22,11,4,22,Meta,30-34,35.05999982,3,1.0,0.0,0.0
2024-11-21,11,3,21,Meta,30-34,29.31000018,1,0.0,0.0,0.0
2024-11-21,11,3,21,Meta,30-34,169.9199973,2,0.0,0.0,0.0
2024-11-20,11,2,20,Meta,30-34,41.63,3,1.0,0.0,0.0
2024-11-20,11,2,20,Meta,30-34,75.70000076,4,2.0,0.0,0.0
2024-11-20,11,2,20,Meta,30-34,256.4699982,19,6.0,0.0,0.0
2024-11-21,11,3,21,Meta,30-34,612.3000032,38,13.0,0.0,0.0
2024-11-21,11,3,21,Meta,30-34,51.84000087,1,0.0,0.0,0.0
2024-11-21,11,3,21,Meta,30-34,54.7900002,5,0.0,0.0,0.0
2024-11-21,11,3,21,Meta,30-34,179.050001,11,3.0,0.0,0.0
2024-11-21,11,3,21,Meta,30-34,17.74000001,1,0.0,0.0,0.0
2024-11-21,11,3,21,Meta,30-34,375.7199963,7,3.0,0.0,0.0
2024-11-22,11,4,22,Meta,30-34,1.570000052,0,0.0,0.0,0.0
2024-11-22,11,4,22,Meta,30-34,429.4799981,23,10.0,0.0,0.0
2024-11-23,11,5,23,Meta,30-34,95.8500005,3,1.0,0.0,0.0
2024-11-23,11,5,23,Meta,30-34,3.819999933,1,0.0,0.0,0.0
2024-11-23,11,5,23,Meta,30-34,226.5399992,12,6.0,0.0,0.0
2024-11-24,11,6,24,Meta,30-34,50.72000062,2,1.0,0.0,0.0
2024-11-24,11,6,24,Meta,30-34,54.57000089,1,0.0,0.0,0.0
2024-11-24,11,6,24,Meta,30-34,25.22000039,4,1.0,0.0,0.0
2024-11-24,11,6,24,Meta,30-34,9.970000267,1,1.0,0.0,0.0
2024-11-24,11,6,24,Meta,30-34,1.730000019,1,1.0,0.0,0.0
2024-11-23,11,5,23,Meta,30-34,123.0900019,8,4.0,0.0,0.0
2024-11-23,11,5,23,Meta,30-34,37.83000016,2,0.0,0.0,0.0
2024-11-23,11,5,23,Meta,30-34,33.03999937,1,1.0,0.0,0.0
2024-11-22,11,4,22,Meta,30-34,105.0199997,9,6.0,0.0,0.0
2024-11-22,11,4,22,Meta,30-34,0.0,1,0.0,0.0,0.0
2024-11-23,11,5,23,Meta,30-34,5.929999948,1,0.0,0.0,0.0
2024-11-23,11,5,23,Meta,30-34,0.0,1,0.0,0.0,0.0
2024-11-23,11,5,23,Meta,30-34,3.75,1,0.0,0.0,0.0
2024-11-23,11,5,23,Meta,30-34,343.2599944,14,4.0,0.0,0.0
2024-11-23,11,5,23,Meta,30-34,19.1899997,2,1.0,0.0,0.0
2024-11-23,11,5,23,Meta,30-34,61.02999771,6,3.0,0.0,0.0
2024-11-20,11,2,20,Meta,30-34,56.16999996,2,1.0,0.0,0.0
2024-11-20,11,2,20,Meta,30-34,39.23000026,2,0.0,0.0,0.0
2024-11-17,11,6,17,Meta,30-34,99.1799984,6,1.0,0.0,0.0
2024-11-17,11,6,17,Meta,30-34,16.17999971,1,0.0,0.0,0.0
2024-11-17,11,6,17,Meta,30-34,23.97000039,1,1.0,0.0,0.0
2024-11-18,11,0,18,Meta,30-34,2.620000005,1,1.0,0.0,0.0
2024-11-18,11,0,18,Meta,30-34,2.779999971,1,1.0,0.0,0.0
2024-11-18,11,0,18,Meta,30-34,0.0,1,0.0,0.0,0.0
2024-11-18,11,0,18,Meta,30-34,42.37000036,2,1.0,0.0,0.0
2024-11-18,11,0,18,Meta,30-34,22.04999971,1,0.0,0.0,0.0
2024-11-17,11,6,17,Meta,30-34,10.31999981,2,0.0,0.0,0.0
2024-11-17,11,6,17,Meta,30-34,9.809999943,1,0.0,0.0,0.0
2024-11-30,11,5,30,Meta,30-34,63.45000076,5,0.0,0.0,0.0
2024-11-30,11,5,30,Meta,30-34,10.54999995,2,1.0,0.0,0.0
2024-11-30,11,5,30,Meta,35-39,38.94000041,2,0.0,0.0,0.0
2024-11-17,11,6,17,Meta,35-39,38.02999961,3,1.0,0.0,0.0
2024-11-17,11,6,17,Meta,35-39,314.2999983,16,2.0,0.0,0.0
2024-11-17,11,6,17,Meta,35-39,173.76,3,0.0,0.0,0.0
2024-11-17,11,6,17,Meta,35-39,37.32000124,2,1.0,0.0,0.0
2024-11-17,11,6,17,Meta,35-39,2.629999995,1,1.0,0.0,0.0
2024-11-17,11,6,17,Meta,35-39,263.8100007,7,3.0,0.0,0.0
2024-11-18,11,0,18,Meta,35-39,177.1099993,6,2.0,0.0,0.0
2024-11-18,11,0,18,Meta,35-39,343.4199994,11,4.0,0.0,0.0
2024-11-19,11,1,19,Meta,35-39,33.22999942,1,1.0,0.0,0.0
2024-11-19,11,1,19,Meta,35-39,234.6599982,4,1.0,0.0,0.0
2024-11-19,11,1,19,Meta,35-39,297.8299981,14,3.0,0.0,0.0
2024-11-20,11,2,20,Meta,35-39,31.00999963,1,1.0,0.0,0.0
2024-11-20,11,2,20,Meta,35-39,84.65999889,4,1.0,0.0,0.0
2024-11-20,11,2,20,Meta,35-39,115.8800026,2,0.0,0.0,0.0
2024-11-20,11,2,20,Meta,35-39,84.51000023,4,2.0,0.0,0.0
2024-11-20,11,2,20,Meta,35-39,13.05999959,1,0.0,0.0,0.0
2024-11-20,11,2,20,Meta,35-39,23.64999962,1,0.0,0.0,0.0
2024-11-19,11,1,19,Meta,35-39,89.35000026,2,0.0,0.0,0.0
2024-11-19,11,1,19,Meta,35-39,17.30000019,1,0.0,0.0,0.0
2024-11-18,11,0,18,Meta,35-39,23.33999968,1,0.0,0.0,0.0
2024-11-18,11,0,18,Meta,35-39,40.9600004,1,0.0,0.0,0.0
2024-11-18,11,0,18,Meta,35-39,50.11000001,4,1.0,0.0,0.0
2024-11-19,11,1,19,Meta,35-39,66.79000068,6,1.0,0.0,0.0
2024-11-19,11,1,19,Meta,35-39,1.639999986,1,0.0,0.0,0.0
2024-11-19,11,1,19,Meta,35-39,36.2299993,2,0.0,0.0,0.0
2024-11-19,11,1,19,Meta,35-39,62.86999989,1,1.0,0.0,0.0
2024-11-19,11,1,19,Meta,35-39,71.58000052,1,1.0,0.0,0.0
2024-11-19,11,1,19,Meta,35-39,350.5099957,6,1.0,0.0,0.0
2024-11-24,11,6,24,Meta,35-39,213.6899986,13,5.0,0.0,0.0
2024-11-24,11,6,24,Meta,35-39,10.96000016,1,0.0,0.0,0.0
2024-11-30,11,5,30,Meta,35-39,37.39999962,6,4.0,0.0,0.0
2024-11-30,11,5,30,Meta,35-39,210.8200028,13,6.0,0.0,0.0
2024-11-30,11,5,30,Meta,35-39,42.41000032,1,1.0,0.0,0.0
2024-11-30,11,5,30,Meta,35-39,33.19999933,2,0.0,0.0,0.0
2024-11-30,11,5,30,Meta,35-39,72.91000104,1,0.0,0.0,0.0
2024-11-17,11,6,17,Meta,35-39,293.8800011,10,4.0,0.0,0.0
2024-11-30,11,5,30,Meta,35-39,167.0499997,5,1.0,0.0,0.0
2024-11-30,11,5,30,Meta,35-39,123.800001,5,2.0,0.0,0.0
2024-11-30,11,5,30,Meta,35-39,85.70000196,3,0.0,0.0,0.0
2024-11-30,11,5,30,Meta,35-39,65.17999971,2,1.0,0.0,0.0
2024-11-29,11,4,29,Meta,35-39,46.43000007,4,1.0,0.0,0.0
2024-11-29,11,4,29,Meta,35-39,68.55999959,5,2.0,0.0,0.0
2024-11-29,11,4,29,Meta,35-39,8.189999938,1,0.0,0.0,0.0
2024-11-29,11,4,29,Meta,35-39,48.54999948,2,0.0,0.0,0.0
2024-11-29,11,4,29,Meta,40-44,82.27999902,1,0.0,0.0,0.0
2024-11-30,11,5,30,Meta,40-44,71.53000104,3,0.0,0.0,0.0
2024-11-30,11,5,30,Meta,40-44,191.419996,8,3.0,0.0,0.0
2024-11-30,11,5,30,Meta,40-44,321.8700004,8,4.0,0.0,0.0
2024-11-29,11,4,29,Meta,40-44,65.03000033,2,0.0,0.0,0.0
2024-11-17,11,6,17,Meta,40-44,194.8099988,9,2.0,0.0,0.0
2024-11-17,11,6,17,Meta,40-44,78.45999932,2,1.0,0.0,0.0
2024-11-18,11,0,18,Meta,40-44,53.62999868,6,1.0,0.0,0.0
2024-11-18,11,0,18,Meta,40-44,243.7699978,4,1.0,0.0,0.0
2024-11-17,11,6,17,Meta,40-44,262.8899981,4,2.0,0.0,0.0
2024-11-18,11,0,18,Meta,40-44,4.050000191,1,1.0,0.0,0.0
2024-11-18,11,0,18,Meta,40-44,16.40999985,3,1.0,0.0,0.0
2024-11-18,11,0,18,Meta,40-44,66.38999987,1,0.0,0.0,0.0
2024-11-18,11,0,18,Meta,40-44,9.609999895,1,0.0,0.0,0.0
2024-11-18,11,0,18,Meta,40-44,22.12000012,2,0.0,0.0,0.0
2024-11-17,11,6,17,Meta,40-44,78.06000042,1,0.0,0.0,0.0
2024-11-17,11,6,17,Meta,40-44,40.87999928,2,2.0,0.0,0.0
2024-11-17,11,6,17,Meta,40-44,88.21000016,7,2.0,0.0,0.0
2024-11-17,11,6,17,Meta,40-44,48.93999863,1,0.0,0.0,0.0
2024-11-17,11,6,17,Meta,40-44,95.84999895,2,0.0,0.0,0.0
2024-11-17,11,6,17,Meta,40-44,106.9299998,11,6.0,0.0,0.0
2024-11-17,11,6,17,Meta,40-44,254.419997,4,2.0,0.0,0.0
2024-11-17,11,6,17,Meta,40-44,117.3400005,2,1.0,0.0,0.0
2024-11-17,11,6,17,Meta,40-44,390.2599992,11,0.0,0.0,0.0
2024-11-17,11,6,17,Meta,40-44,340.4099993,7,2.0,0.0,0.0
2024-11-17,11,6,17,Meta,40-44,33.47000039,2,1.0,0.0,0.0
2024-11-29,11,4,29,Meta,40-44,66.27999985,3,1.0,0.0,0.0
2024-11-29,11,4,29,Meta,40-44,48.18000007,2,1.0,0.0,0.0
2024-11-26,11,1,26,Meta,40-44,156.1199993,3,2.0,0.0,0.0
2024-11-26,11,1,26,Meta,40-44,288.3300035,6,0.0,0.0,0.0
2024-11-26,11,1,26,Meta,40-44,40.37000024,1,1.0,0.0,0.0
2024-11-26,11,1,26,Meta,40-44,19.27999985,1,0.0,0.0,0.0
2024-11-26,11,1,26,Meta,40-44,34.03000015,1,0.0,0.0,0.0
2024-11-26,11,1,26,Meta,40-44,29.67000008,1,0.0,0.0,0.0
2024-11-26,11,1,26,Meta,40-44,47.78999913,3,0.0,0.0,0.0
2024-11-26,11,1,26,Meta,40-44,111.6500003,0,0.0,0.0,0.0
2024-11-26,11,1,26,Meta,40-44,24.33000016,2,0.0,0.0,0.0
2024-11-25,11,0,25,Meta,40-44,188.5100002,2,1.0,0.0,0.0
2024-11-25,11,0,25,Meta,40-44,33.14000034,1,1.0,0.0,0.0
2024-11-24,11,6,24,Meta,40-44,59.85000026,1,0.0,0.0,0.0
2024-11-24,11,6,24,Meta,40-44,21.10999966,1,1.0,0.0,0.0
2024-11-25,11,0,25,Meta,40-44,38.35000062,4,1.0,0.0,0.0
2024-11-25,11,0,25,Meta,40-44,30.84000027,1,1.0,0.0,0.0
2024-11-25,11,0,25,Meta,40-44,14.58999991,1,1.0,0.0,0.0
2024-11-25,11,0,25,Meta,40-44,15.91999972,0,0.0,0.0,0.0
2024-11-25,11,0,25,Meta,40-44,24.22000015,1,0.0,0.0,0.0
2024-11-25,11,0,25,Meta,45-49,238.4000007,5,3.0,0.0,0.0
2024-11-27,11,2,27,Meta,45-49,132.7300007,5,1.0,0.0,0.0
2024-11-27,11,2,27,Meta,45-49,201.6000042,5,1.0,0.0,0.0
2024-11-28,11,3,28,Meta,45-49,465.0799981,8,2.0,0.0,0.0
2024-11-28,11,3,28,Meta,45-49,234.9399992,2,0.0,0.0,0.0
2024-11-28,11,3,28,Meta,45-49,195.0799994,2,0.0,0.0,0.0
2024-11-28,11,3,28,Meta,45-49,104.6899989,2,0.0,0.0,0.0
2024-11-28,11,3,28,Meta,45-49,295.5499957,1,0.0,0.0,0.0
2024-11-29,11,4,29,Meta,45-49,226.0300014,3,0.0,0.0,0.0
2024-11-28,11,3,28,Meta,45-49,287.690003,3,1.0,0.0,0.0
2024-11-28,11,3,28,Meta,45-49,315.9000051,9,2.0,0.0,0.0
2024-11-28,11,3,28,Meta,45-49,332.9899989,1,0.0,0.0,0.0
2024-11-28,11,3,28,Meta,45-49,282.490001,4,2.0,0.0,0.0
2024-11-27,11,2,27,Meta,45-49,115.6600008,1,0.0,0.0,0.0
2024-11-27,11,2,27,Meta,45-49,247.3200026,4,3.0,0.0,0.0
2024-11-27,11,2,27,Meta,45-49,11.20000017,2,2.0,0.0,0.0
2024-11-27,11,2,27,Meta,45-49,25.45999998,3,0.0,0.0,0.0
2024-11-27,11,2,27,Meta,45-49,299.5299983,12,5.0,0.0,0.0
2024-11-27,11,2,27,Meta,45-49,140.4200011,5,4.0,0.0,0.0
2024-11-27,11,2,27,Meta,45-49,100.8800011,2,2.0,0.0,0.0
2024-11-27,11,2,27,Meta,45-49,13.35000038,1,0.0,0.0,0.0
2024-11-27,11,2,27,Meta,45-49,73.74999964,2,1.0,0.0,0.0
2024-11-27,11,2,27,Meta,45-49,76.75999916,1,0.0,0.0,0.0
2024-11-19,11,1,19,Meta,45-49,145.8199974,1,1.0,0.0,0.0
2024-11-19,11,1,19,Meta,45-49,125.2700011,1,1.0,0.0,0.0
2024-11-25,11,0,25,Meta,45-49,38.62999976,1,1.0,0.0,0.0
2024-11-25,11,0,25,Meta,45-49,7.139999986,1,0.0,0.0,0.0
2024-11-24,11,6,24,Meta,45-49,116.9899981,2,0.0,0.0,0.0
2024-11-25,11,0,25,Meta,45-49,175.9700005,5,1.0,0.0,0.0
2024-11-25,11,0,25,Meta,45-49,105.6600007,1,0.0,0.0,0.0
2024-11-25,11,0,25,Meta,45-49,259.1799988,4,1.0,0.0,0.0
2024-11-25,11,0,25,Meta,45-49,46.92000186,1,0.0,0.0,0.0
2024-11-25,11,0,25,Meta,45-49,187.7399978,3,0.0,0.0,0.0
2024-11-24,11,6,24,Meta,45-49,380.6599952,16,2.0,0.0,0.0
2024-11-24,11,6,24,Meta,45-49,541.7000023,10,0.0,0.0,0.0
2024-11-24,11,6,24,Meta,45-49,409.5600026,9,4.0,0.0,0.0
2024-11-23,11,5,23,Meta,45-49,102.3900002,3,0.0,0.0,0.0
2024-11-23,11,5,23,Meta,45-49,67.13000107,3,1.0,0.0,0.0
2024-11-24,11,6,24,Meta,45-49,22.86000025,1,0.0,0.0,0.0
2024-11-24,11,6,24,Meta,45-49,134.889999,2,0.0,0.0,0.0
2024-11-24,11,6,24,Meta,45-49,369.069997,16,8.0,0.0,0.0
2024-11-24,11,6,24,Meta,45-49,198.0899972,2,1.0,0.0,0.0
2024-11-24,11,6,24,Meta,45-49,91.00000054,4,1.0,0.0,0.0
2024-11-24,11,6,24,Meta,45-49,297.9100007,8,3.0,0.0,0.0
2024-11-25,11,0,25,Meta,45-49,50.29000044,3,0.0,0.0,0.0
2024-11-25,11,0,25,Meta,45-49,9.419999838,1,0.0,0.0,0.0
2024-11-27,11,2,27,Meta,45-49,20.51999998,1,0.0,0.0,0.0
2024-11-26,11,1,26,Meta,45-49,38.13999993,4,3.0,0.0,0.0
2024-11-26,11,1,26,Meta,45-49,142.0500025,3,1.0,0.0,0.0
2024-11-27,11,2,27,Meta,45-49,402.3000026,5,0.0,0.0,0.0
2024-11-27,11,2,27,Meta,45-49,159.299999,3,1.0,0.0,0.0
2024-11-27,11,2,27,Meta,45-49,193.6599991,2,1.0,0.0,0.0
2024-11-27,11,2,27,Meta,45-49,66.83999872,2,0.0,0.0,0.0
2024-11-27,11,2,27,Meta,45-49,178.6700007,6,0.0,0.0,0.0
2024-11-26,11,1,26,Meta,45-49,130.3600011,1,0.0,0.0,0.0
2024-11-26,11,1,26,Meta,45-49,114.8599998,2,0.0,0.0,0.0
2024-11-26,11,1,26,Meta,30-34,3.199999928,1,0.0,0.0,0.0
2024-11-25,11,0,25,Meta,30-34,7.529999852,4,4.0,0.0,0.0
2024-11-25,11,0,25,Meta,30-34,2.690000057,2,1.0,0.0,0.0
2024-11-26,11,1,26,Meta,30-34,27.32999969,4,1.0,0.0,0.0
2024-11-26,11,1,26,Meta,30-34,53.78999972,2,0.0,0.0,0.0
2024-11-26,11,1,26,Meta,30-34,61.00999904,10,3.0,0.0,0.0
2024-11-26,11,1,26,Meta,30-34,46.66999936,11,3.0,0.0,0.0
2024-11-26,11,1,26,Meta,30-34,12.10999984,1,0.0,0.0,0.0
2024-11-26,11,1,26,Meta,30-34,3.199999928,3,1.0,0.0,0.0
2024-11-23,11,5,23,Meta,30-34,32.09000015,5,1.0,0.0,0.0
2024-11-23,11,5,23,Meta,35-39,2.960000038,1,1.0,0.0,0.0
2024-11-21,11,3,21,Meta,35-39,23.69999957,1,0.0,0.0,0.0
2024-11-21,11,3,21,Meta,35-39,16.94000018,3,2.0,0.0,0.0
2024-11-21,11,3,21,Meta,35-39,46.64999926,3,1.0,0.0,0.0
2024-11-21,11,3,21,Meta,35-39,12.67999995,1,0.0,0.0,0.0
2024-11-21,11,3,21,Meta,35-39,19.82000005,2,1.0,0.0,0.0
2024-11-21,11,3,21,Meta,35-39,21.26000023,2,0.0,0.0,0.0
2024-11-21,11,3,21,Meta,35-39,40.73000062,3,0.0,0.0,0.0
2024-11-21,11,3,21,Meta,35-39,25.01000023,3,0.0,0.0,0.0
2024-11-21,11,3,21,Meta,35-39,11.5199995,2,1.0,0.0,0.0
2024-11-21,11,3,21,Meta,35-39,7.700000048,1,0.0,0.0,0.0
2024-11-20,11,2,20,Meta,40-44,12.14999962,3,1.0,0.0,0.0
2024-11-20,11,2,20,Meta,40-44,14.96000034,1,0.0,0.0,0.0
2024-11-20,11,2,20,Meta,40-44,1.49000001,1,1.0,0.0,0.0
2024-11-20,11,2,20,Meta,40-44,28.47000003,2,0.0,0.0,0.0
2024-11-20,11,2,20,Meta,40-44,15.14999998,1,0.0,0.0,0.0
2024-11-21,11,3,21,Meta,40-44,60.22999907,3,1.0,0.0,0.0
2024-11-21,11,3,21,Meta,40-44,28.71999955,3,1.0,0.0,0.0
2024-11-20,11,2,20,Meta,40-44,34.86999965,2,2.0,0.0,0.0
2024-11-20,11,2,20,Meta,40-44,13.50000036,1,1.0,0.0,0.0
2024-11-21,11,3,21,Meta,40-44,13.55999994,1,0.0,0.0,0.0
2024-11-22,11,4,22,Meta,40-44,9.259999871,1,1.0,0.0,0.0
2024-11-23,11,5,23,Meta,45-49,17.94000006,4,0.0,0.0,0.0
2024-11-23,11,5,23,Meta,45-49,25.75000024,2,1.0,0.0,0.0
2024-11-23,11,5,23,Meta,45-49,30.08000076,4,0.0,0.0,0.0
2024-11-23,11,5,23,Meta,45-49,7.26000011,1,1.0,0.0,0.0
2024-11-23,11,5,23,Meta,45-49,18.41999996,2,1.0,0.0,0.0
2024-11-23,11,5,23,Meta,45-49,50.5,4,1.0,0.0,0.0
2024-11-23,11,5,23,Meta,45-49,82.13999915,5,2.0,0.0,0.0
2024-11-23,11,5,23,Meta,45-49,36.60000038,2,1.0,0.0,0.0
2024-11-22,11,4,22,Meta,45-49,19.58000016,1,0.0,0.0,0.0
2024-11-22,11,4,22,Meta,45-49,13.65000045,3,0.0,0.0,0.0
2024-11-22,11,4,22,Meta,45-49,30.26000011,1,0.0,0.0,0.0
2024-11-22,11,4,22,Meta,30-34,113.6800029,10,4.0,0.0,0.0
2024-11-22,11,4,22,Meta,30-34,11.42999983,3,2.0,0.0,0.0
2024-11-22,11,4,22,Meta,30-34,99.52000237,7,2.0,0.0,0.0
2024-11-22,11,4,22,Meta,30-34,110.7800021,21,2.0,0.0,0.0
2024-11-22,11,4,22,Meta,30-34,120.8799992,11,0.0,0.0,0.0
2024-11-22,11,4,22,Meta,30-34,35.54000032,2,1.0,0.0,0.0
2024-11-22,11,4,22,Meta,30-34,119.6400018,20,4.0,0.0,0.0
2024-11-22,11,4,22,Meta,30-34,11.18999994,4,0.0,0.0,0.0
2024-11-27,11,2,27,Meta,30-34,138.9200006,12,1.0,0.0,0.0
2024-11-27,11,2,27,Meta,30-34,14.48000044,4,1.0,0.0,0.0
2024-11-18,11,0,18,Meta,30-34,163.8000002,23,9.0,0.0,0.0
2024-11-18,11,0,18,Meta,30-34,111.9899995,12,3.0,0.0,0.0
2024-11-18,11,0,18,Meta,35-39,15.04999995,1,0.0,0.0,0.0
2024-11-18,11,0,18,Meta,35-39,237.3199975,14,3.0,0.0,0.0
2024-11-18,11,0,18,Meta,35-39,47.87999952,3,1.0,0.0,0.0
2024-11-18,11,0,18,Meta,35-39,164.6400015,3,0.0,0.0,0.0
2024-11-18,11,0,18,Meta,35-39,200.8299961,11,5.0,0.0,0.0
2024-11-18,11,0,18,Meta,35-39,105.2199969,8,2.0,0.0,0.0
2024-11-18,11,0,18,Meta,35-39,127.3200028,4,1.0,0.0,0.0
2024-11-17,11,6,17,Meta,35-39,68.67000008,8,1.0,0.0,0.0
2024-11-17,11,6,17,Meta,35-39,20.05000019,2,0.0,0.0,0.0
2024-11-17,11,6,17,Meta,35-39,9.409999967,3,1.0,0.0,0.0
2024-11-17,11,6,17,Meta,35-39,77.59999979,6,2.0,0.0,0.0
2024-11-17,11,6,17,Meta,35-39,16.73000002,1,1.0,0.0,0.0
2024-11-17,11,6,17,Meta,40-44,246.7499975,18,7.0,0.0,0.0
2024-11-17,11,6,17,Meta,40-44,223.1899948,31,9.0,0.0,0.0
2024-11-17,11,6,17,Meta,40-44,67.60999918,1,0.0,0.0,0.0
2024-11-17,11,6,17,Meta,40-44,319.0000019,6,0.0,0.0,0.0
2024-11-17,11,6,17,Meta,40-44,82.92999887,3,0.0,0.0,0.0
2024-11-19,11,1,19,Meta,40-44,57.0,2,0.0,0.0,0.0
2024-11-19,11,1,19,Meta,40-44,233.110002,13,4.0,0.0,0.0
2024-11-20,11,2,20,Meta,40-44,217.7799966,5,2.0,0.0,0.0
2024-11-20,11,2,20,Meta,40-44,323.0600071,10,1.0,0.0,0.0
2024-11-20,11,2,20,Meta,40-44,87.99000168,2,2.0,0.0,0.0
2024-11-20,11,2,20,Meta,40-44,105.4500008,3,1.0,0.0,0.0
2024-11-20,11,2,20,Meta,40-44,120.8999977,1,0.0,0.0,0.0
2024-11-20,11,2,20,Meta,40-44,301.0499992,30,10.0,0.0,0.0
2024-11-20,11,2,20,Meta,40-44,62.31999922,4,1.0,0.0,0.0
2024-11-20,11,2,20,Meta,45-49,279.219995,11,1.0,0.0,0.0
2024-11-20,11,2,20,Meta,45-49,158.0500023,10,4.0,0.0,0.0
2024-11-20,11,2,20,Meta,45-49,36.01000071,2,2.0,0.0,0.0
2024-11-19,11,1,19,Meta,45-49,16.34000051,1,0.0,0.0,0.0
2024-11-19,11,1,19,Meta,45-49,162.6399975,14,5.0,0.0,0.0
2024-11-19,11,1,19,Meta,45-49,333.7499943,11,4.0,0.0,0.0
2024-11-19,11,1,19,Meta,45-49,33.71000051,1,0.0,0.0,0.0
2024-11-19,11,1,19,Meta,45-49,232.5900005,13,4.0,0.0,0.0
2024-11-19,11,1,19,Meta,45-49,47.69000006,4,1.0,0.0,0.0
2024-11-19,11,1,19,Meta,45-49,358.189997,13,2.0,0.0,0.0
2024-11-19,11,1,19,Meta,45-49,173.8800035,3,0.0,0.0,0.0
2024-11-19,11,1,19,Meta,45-49,40.28999949,2,0.0,0.0,0.0
2024-11-17,11,6,17,Meta,45-49,198.7100005,8,2.0,0.0,0.0
2024-11-17,11,6,17,Meta,45-49,165.6099987,5,2.0,0.0,0.0
